route,saccos
04SK,Umoinner Sacco Ltd|Umoja Innercore Tena Matatu Owners Savings And Credit Co-Operative Society Ltd|Salty Supporters Investment Limited
1,Dakabo Sacco Limited
10,Embassava Cooperative Savings And Credit Society Ltd|Gikimwi Bypass Transporters Sacco|Libera Impex Limited
100,Bakaki 101 Travellers Savings And Credit Co-Operative Society Limited|Kiambu Marafiki Sacco Ltd|Latema 22 Travellers Sacco
100A,Bakaki 101 Travellers Savings And Credit Co-Operative Society Limited|Risen Company Limited|Rwaken Investments Limited
102,Super Metro|Kadana Travellers Savings And Credit Co-Operative Society Limited|Dakika Matatu Owners Sacco
103,Benjo( K) Ltd|Digital Luxury Travellers Limited|Eastern Bypass Savings And Credit Co-Operative Society Limited
105,Latema 22 Travellers Sacco|Cosy Travel Limited|Starbus Company (K) Ltd
106,Gmk Sacco Limited|Kiambu Marafiki Sacco Ltd|Prime  Transcity Limited
107,Gmk Sacco Limited|Tawala Shuttle Limited|Lopha Multipurpose Co-Operative Society
107D,Meruit Logistics Limited|Sony Classic Shuttle East Africa Limited|Bakaki 101 Travellers Savings And Credit Co-Operative Society Limited
108,Bakaki 101 Travellers Savings And Credit Co-Operative Society Limited|Eastern Bypass Savings And Credit Co-Operative Society Limited
11,KBS|South B Matatu Owners Sacco Society Ltd|Telaviv Travellers Limited
110,Embassava|Indima (Nje) Sacco|Benjo( K) Ltd
110AK,Nakam Sacco Society Limited
110ATH,Benjo( K) Ltd|County Link Savings And Credit Co-Operative Society Ltd|Eastern Bypass Savings And Credit Co-Operative Society Limited
111,Kibera Bureti Sacco|Kibera Matatu Owners Cooperative Savings And Credit Society Limited
114R,Likambu Matatu Savings And Credit Co-Operative Society Limited|Bakaki 101 Travellers Savings And Credit Co-Operative Society Limited|Gmk Sacco Limited
114W,Forward Travellers Sacco Ltd|Kariobangi Matatu Owners Savings And Credit Co-Operative Society Limited|2Kr Route 105 Multipurpose Cooperative Society Limited
115,Forward Travellers Sacco Ltd|Integrity Intercity Limited|Kariobangi Matatu Owners Savings And Credit Co-Operative Society Limited
116,Likambu Matatu Savings And Credit Co-Operative Society Limited|Bakaki 101 Travellers Savings And Credit Co-Operative Society Limited|Eastern Kubamba Limited
118,Bakaki 101 Travellers Savings And Credit Co-Operative Society Limited|Home Sacco Limited|Walokana Multipurpose Co-Operative Society Ltd
119,KBS|Ongata Line|Nicco Movers
119A,Transworld Transport Savings And Credit Co-Operative Society Ltd|Bakaki 101 Travellers Savings And Credit Co-Operative Society Limited|Bybuss Trans Limited
11A,Gmk Sacco Limited
11C,Naboka Travellers Sacco|Aldana Travellers Sacco|Baba Dogo 25 Travellers Sacco
11F,Gmk Sacco Limited|8B Savings And Credit Co-Operative Society Ltd|Baba Dogo 25 Travellers Sacco
11_2,Telaviv Travellers Limited|Arbab Ventures Limited|County Link Savings And Credit Co-Operative Society Ltd
120,Tikagi Savings And Credit Cooperative Society Limited|Githiga Travellers Sacco|Likambu Matatu Savings And Credit Co-Operative Society Limited
121,Bakaki 101 Travellers Savings And Credit Co-Operative Society Limited|Risen Company Limited|Rwaken Investments Limited
125,Ongata Line|Fastrack United And Credit Cooperative Society|Matatu Crew Association Sacco
126,Ongata Line|Fastrack United And Credit Cooperative Society|Lankana Sacco Society Limited
126N,Emaar City Bus Limited|Luminous Shuttles Limited|Nailepu Travellers Sacco
126RK,Bybuss Trans Limited|Expreso Limited|Fastrack United And Credit Cooperative Society
129,Benjo( K) Ltd|Eastern Bypass Savings And Credit Co-Operative Society Limited|Kiwaliru Savings And Credit Co-Operative Society Limited
12C,Eastern Kubamba Limited|Naboka Travellers Sacco
12D,Eastern Kubamba Limited|Naboka Travellers Sacco|Ngong Travellers Sacco
135,Forward Travellers Sacco Ltd|Kariobangi Matatu Owners Savings And Credit Co-Operative Society Limited|2Kr Route 105 Multipurpose Cooperative Society Limited
14,Kariobangi Matatu Owners Savings And Credit Co-Operative Society Limited|Neema Travellers Agency Limited|Benjo( K) Ltd
145,KBS|Super Metro|Forward Travellers
145B,Meruit Logistics Limited|Circular Classic Company Limited|Expreso Limited
145D,Forward Travellers Sacco Ltd|Jonsaga Flats Sacco|Libera Impex Limited
14A,Kenya Bus Service Management Limited|Metrotrans East Africa Limited|Nazigi Sacco Limited
14B,Metrotrans East Africa Limited|Rwaken Investments Limited
15,Kenya Bus Service Management Limited|St. Marys Transport Sacco Society|West Madaraka Route 14 Cooperative Sacco.
16,Highrise Kibera Sacco|Kenya Bus Service Management Limited|Metrotrans East Africa Limited
16/62,Eastern Bypass Traverlers Investment Co. Limited|8B Savings And Credit Co-Operative Society Ltd|Benjo( K) Ltd
17A,Dandora Usafiri Travellers Sacco|Dix-Hult Matatu Owner Sacco|Ecosa Travellers Sacco
17Aky,Dix-Hult Matatu Owner Sacco|Forward Travellers Sacco Ltd|Pinpoint Solution (K) Ltd
17B,Forward Travellers|Eastleigh Commuters|MSL (Mwiki Sacco)
18C,Circular Classic Company Limited|Cbet Sacco|County Link Savings And Credit Co-Operative Society Ltd
1960,Forward Travellers Sacco Ltd|Kani Transport Savings And Credit Co-Operative Society Limited|Pinpoint Solution (K) Ltd
1961K,Forward Travellers Sacco Ltd|Kani Transport Savings And Credit Co-Operative Society Limited|Pinpoint Solution (K) Ltd
1961Kd,Five Friends Investment Company Limited
19C2,Jonsaga Flats Sacco|Risen Company Limited
19Cdc,Umoinner Sacco Ltd|Umoja Innercore Tena Matatu Owners Savings And Credit Co-Operative Society Ltd
19Cjk,Single Line Services Limited|Baba Dogo 25 Travellers Sacco|Dandora Usafiri Travellers Sacco
2,Kibera Bureti Sacco|Kibera Matatu Owners Cooperative Savings And Credit Society Limited|Kiragi Travellers Savings And Credit Co-Operative Society Limited
20,Gmk Sacco Limited|Five Friends Investment Company Limited
2030,Kariobangi Matatu Owners Savings And Credit Co-Operative Society Limited
237,KBS|Super Metro|Forward Travellers
23KG,Cosy Travel Limited|Kangemi Matatu Owners Sacco
23KS,Arbab Ventures Limited|Karuri Commuters Services Savings And Credit Co-Opertaive Society Limited|Telaviv Travellers Limited
24,2Kw Savings And Credit Co-Operative Society Ltd|Chania Travellers Sacco|Eastern Bypass Traverlers Investment Co. Limited
24BK,2Kw Savings And Credit Co-Operative Society Ltd|Chania Travellers Sacco|Eastern Bypass Traverlers Investment Co. Limited
24C,Buruburu 58 Travellers Savings And Credit Co-Operative Society Limited|Garamu Travel Solutions Limited|Kadana Travellers Savings And Credit Co-Operative Society Limited
25,Eastleigh Commuters|Nicco Movers|MSL (Mwiki Sacco)
25A,Forward Travellers|Nicco Movers|Aldana Travellers Sacco
26,Arbab Ventures Limited|Aldana Travellers Sacco|Bakaki 101 Travellers Savings And Credit Co-Operative Society Limited
26S,Arbab Ventures Limited|Aldana Travellers Sacco|Bakaki 101 Travellers Savings And Credit Co-Operative Society Limited
28,Kariobangi Matatu Owners Savings And Credit Co-Operative Society Limited|Neema Travellers Agency Limited
29/30,Kayo-Line Group Company Limited|Mnk Sacco Society Ltd|Rembo Shuttle Savings And Credit Sacco Ltd
30,Kariobangi Matatu Owners Savings And Credit Co-Operative Society Limited|2B Travellers Sacco Ltd|Baba Dogo 25 Travellers Sacco
32A,County Link Savings And Credit Co-Operative Society Ltd|Benjo( K) Ltd|Circular Classic Company Limited
32D,Benjo( K) Ltd|Eastern Bypass Savings And Credit Co-Operative Society Limited|Pejo Tech Company Ltd
33B,MSL (Mwiki Sacco)|Sony Classic Shuttle East Africa Limited|Benjo( K) Ltd
33C,Eastleigh Commuters|2Kr Route 105 Multipurpose Cooperative Society Limited|Baba Dogo 25 Travellers Sacco
33DC,Baba Dogo 25 Travellers Sacco|Fastrack United And Credit Cooperative Society|Jonsaga Flats Sacco
33DP,2Kr Route 105 Multipurpose Cooperative Society Limited|Baba Dogo 25 Travellers Sacco|Bybuss Trans Limited
33FED,Arbab Ventures Limited|Benjo( K) Ltd|Fig Prestige Management Company Limited
33GTB,2Kr Route 105 Multipurpose Cooperative Society Limited|Baba Dogo 25 Travellers Sacco|Buruburu 58 Travellers Savings And Credit Co-Operative Society Limited
33H,Bakaki 101 Travellers Savings And Credit Co-Operative Society Limited|County Link Savings And Credit Co-Operative Society Ltd|Eastern Bypass Savings And Credit Co-Operative Society Limited
33IMR,Mwiki Psv Sacco Society Limited
33J,Forward Travellers Sacco Ltd|Gikaki Sacco Society Limited|Inagi Travellers Sacco
33MKR,Indima (Nje) Sacco|Manama Travellers Limited|Nakaski Transort Savings Credit Sacco Ltd
33NG,Metrotrans East Africa Limited|Rwaken Investments Limited
33SB,Telaviv Travellers Limited
33TP,MSL (Mwiki Sacco)|Fig Prestige Management Company Limited|Mwiki Psv Sacco Society Limited
33UTW,Expreso Limited|Forward Travellers Sacco Ltd|Gikaki Sacco Society Limited
34B,Baba Dogo 25 Travellers Sacco|Expreso Limited|Ngong Travellers Sacco
34J,Libera Impex Limited|Nkikan Sacco Society Limited|Oromats Sacco Society Ltd
34L,Rasasi Travellers Limited|St. Marys Transport Sacco Society|City Star Shuttle Limited
35/60,Umoinner Sacco Ltd|Umoja Innercore Tena Matatu Owners Savings And Credit Co-Operative Society Ltd
3560_2,Super Metro|Embassava|Nicco Movers
36,Dabumato Commuter Service Savings & Credit Co-Operative Society Ltd|Dandora Usafiri Travellers Sacco|Eastlands Eagles Limited
3738,Bakaki 101 Travellers Savings And Credit Co-Operative Society Limited|Expreso Limited|Five Friends Investment Company Limited
38/39,Pinpoint Solution (K) Ltd|Forward Travellers Sacco Ltd|Kani Transport Savings And Credit Co-Operative Society Limited
3N,Aldana Travellers Sacco|Arbab Ventures Limited|Baba Dogo 25 Travellers Sacco
3U,2Kw Savings And Credit Co-Operative Society Ltd|Super Metro Limited
405,Kenya Bus Service Management Limited|St. Marys Transport Sacco Society
41,Dandora Usafiri Travellers Sacco|Ecosa Travellers Sacco
42,Aldana Travellers Sacco|Dandora Usafiri Travellers Sacco|Ecosa Travellers Sacco
43,Forward Travellers|Eastleigh Commuters|County Link Savings And Credit Co-Operative Society Ltd
44G,KBS|Nicco Movers|Aldana Travellers Sacco
44K,Indima (Nje) Sacco|Kenya Bus Service Management Limited
44Z,Aldana Travellers Sacco|Ecosa Travellers Sacco|Forward Travellers Sacco Ltd
45G,Forward Travellers Sacco Ltd|Kariobangi Matatu Owners Savings And Credit Co-Operative Society Limited|Kayo-Line Group Company Limited
45K,KBS|Aldana Travellers Sacco|Ecosa Travellers Sacco
45P,Unified International Limited
46B,Huruma Mini-Bus Sacco Ltd|Benjo( K) Ltd|Eastern Bypass Savings And Credit Co-Operative Society Limited
46H,Huruma Mini-Bus Sacco Ltd|Benjo( K) Ltd|Eastern Bypass Savings And Credit Co-Operative Society Limited
46K,Eastern Bypass Savings And Credit Co-Operative Society Limited|Fastrack United And Credit Cooperative Society|Five Friends Investment Company Limited
46Y,Killeton Commuters Services Savings And Credit Cooperative Ltd|Kiragi Travellers Savings And Credit Co-Operative Society Limited|Lothian Transporters
48A,Digital Luxury Travellers Limited
48B,8B Savings And Credit Co-Operative Society Ltd|Baba Dogo 25 Travellers Sacco|City Star Shuttle Limited
48C,8B Savings And Credit Co-Operative Society Ltd|Baba Dogo 25 Travellers Sacco|City Star Shuttle Limited
48K,Super Metro|Embassava|Benjo( K) Ltd
48O,Baba Dogo 25 Travellers Sacco|Digital Luxury Travellers Limited|Home Sacco Limited
49,Forward Travellers|Eastleigh Commuters|Nicco Movers
4W,Jupiterline Investments Capital Limited|Kibera Bureti Sacco|Kibera Matatu Owners Cooperative Savings And Credit Society Limited
5,2Kw Savings And Credit Co-Operative Society Ltd|Chania Travellers Sacco|Eastern Bypass Traverlers Investment Co. Limited
53,Super Metro|Meruit Logistics Limited|Super Metro Limited
56,Kiragi Travellers Savings And Credit Co-Operative Society Limited|Fastrack United And Credit Cooperative Society|Five Friends Investment Company Limited
58,Dabumato Commuter Service Savings & Credit Co-Operative Society Ltd|Dandora Usafiri Travellers Sacco|Eastlands Eagles Limited
6,Naboka Travellers Sacco|Aldana Travellers Sacco|Bakaki 101 Travellers Savings And Credit Co-Operative Society Limited
69,Embassava|Indima (Nje) Sacco|Outreach Travel
70/71,Embassava|Eastern Kubamba Limited|Latema 22 Travellers Sacco
7C,Lothian Transporters|Unified International Limited
8,Kibera Bureti Sacco
