sequence,lat,lon
0,-1.248725,36.945918
1,-1.248701,36.946136
2,-1.248699,36.946549
3,-1.248723,36.947000
4,-1.248746,36.947264
5,-1.248798,36.947728
6,-1.248864,36.948172
7,-1.248978,36.948703
8,-1.249265,36.949654
9,-1.249393,36.950011
10,-1.249566,36.950494
11,-1.250150,36.951653
12,-1.250423,36.952169
13,-1.250588,36.952486
14,-1.250804,36.952903
15,-1.251032,36.953342
16,-1.251202,36.953718
17,-1.251431,36.954272
18,-1.251555,36.954588
19,-1.251896,36.955624
20,-1.252017,36.956058
21,-1.252243,36.956977
22,-1.252319,36.957266
23,-1.252478,36.957881
24,-1.252571,36.958220
25,-1.252766,36.958953
26,-1.252941,36.959646
27,-1.253190,36.960600
28,-1.253313,36.961071
29,-1.253754,36.962807
30,-1.253894,36.963361
31,-1.254168,36.964403
32,-1.254273,36.964805
33,-1.254477,36.965533
34,-1.254616,36.965964
35,-1.254671,36.966137
36,-1.254820,36.966527
37,-1.254982,36.966897
38,-1.255319,36.967603
39,-1.255722,36.968300
40,-1.255927,36.968599
41,-1.256300,36.969132
42,-1.256504,36.969381
43,-1.256839,36.969771
44,-1.257083,36.970041
45,-1.257571,36.970497
46,-1.258174,36.971030
47,-1.258719,36.971445
48,-1.259249,36.971841
49,-1.259859,36.972334
50,-1.260142,36.972596
51,-1.260652,36.973162
52,-1.260820,36.973369
53,-1.260989,36.973618
54,-1.261386,36.974275
55,-1.261613,36.974686
56,-1.261773,36.974964
57,-1.261926,36.975295
58,-1.262039,36.975610
59,-1.262252,36.976363
60,-1.262294,36.976549
61,-1.262429,36.977054
62,-1.262591,36.977650
63,-1.262868,36.978612
64,-1.263009,36.979137
65,-1.263162,36.979657
66,-1.263373,36.980343
67,-1.263484,36.980716
68,-1.263545,36.980925
69,-1.263684,36.981370
70,-1.263839,36.981908
71,-1.264076,36.982011
72,-1.264035,36.982647
73,-1.264183,36.983093
74,-1.264306,36.983483
75,-1.264606,36.983978
76,-1.264554,36.984321
77,-1.264659,36.984685
78,-1.264784,36.985117
79,-1.265075,36.985958
80,-1.265186,36.986268
81,-1.265366,36.986736
82,-1.265644,36.987033
83,-1.265702,36.987493
84,-1.265872,36.987866
85,-1.266171,36.988460
86,-1.266708,36.989439
87,-1.267025,36.989956
88,-1.267206,36.990256
89,-1.267722,36.990744
90,-1.268187,36.991523
91,-1.268128,36.991763
92,-1.268556,36.992108
93,-1.268662,36.992627
94,-1.268985,36.993154
95,-1.269382,36.993445
96,-1.269335,36.993727
97,-1.269716,36.994012
98,-1.269905,36.994653
99,-1.270014,36.994836
100,-1.270421,36.995493
101,-1.270661,36.995909
102,-1.270815,36.996174
103,-1.271110,36.996680
104,-1.271287,36.996983
105,-1.271712,36.997278
106,-1.272223,36.998453
107,-1.272535,36.998965
108,-1.272957,36.999316
109,-1.272939,36.999617
110,-1.273345,37.000026
111,-1.273566,37.000637
112,-1.274285,37.001511
113,-1.274201,37.001682
114,-1.274386,37.002023
115,-1.274786,37.002601
116,-1.274827,37.002831
117,-1.274981,37.003225
118,-1.275182,37.003727
119,-1.275369,37.004469
120,-1.275482,37.005134
121,-1.275539,37.005724
122,-1.275586,37.006192
123,-1.275752,37.007895
124,-1.275775,37.008119
125,-1.275829,37.008678
126,-1.275850,37.008906
127,-1.275917,37.009638
128,-1.276007,37.010595
129,-1.276046,37.011032
130,-1.276100,37.011629
131,-1.276140,37.012095
132,-1.276204,37.012778
133,-1.276370,37.014536
134,-1.276416,37.015049
135,-1.276441,37.015320
136,-1.276479,37.015744
137,-1.276526,37.016244
138,-1.276578,37.016782
139,-1.276676,37.017790
140,-1.276697,37.018026
141,-1.276798,37.019137
142,-1.277014,37.021459
143,-1.277090,37.022260
144,-1.277175,37.023258
145,-1.277355,37.025205
146,-1.277413,37.025834
147,-1.277436,37.026073
148,-1.277480,37.026535
149,-1.277604,37.027865
150,-1.277668,37.028558
151,-1.277702,37.028935
152,-1.277729,37.029223
153,-1.277792,37.029889
154,-1.277818,37.030167
155,-1.277886,37.030885
156,-1.277931,37.031409
157,-1.278016,37.032176
158,-1.278111,37.033378
159,-1.278136,37.033703
160,-1.278180,37.034122
161,-1.278213,37.034447
162,-1.278264,37.034936
163,-1.278308,37.035479
164,-1.278338,37.035837
165,-1.278438,37.036896
166,-1.278485,37.037387
167,-1.278543,37.038065
168,-1.278640,37.038905
169,-1.278717,37.039811
170,-1.278762,37.040173
171,-1.278827,37.040539
172,-1.278877,37.040955
173,-1.278924,37.041348
174,-1.278949,37.041608
175,-1.279039,37.042438
176,-1.279090,37.042999
177,-1.279117,37.043223
178,-1.279190,37.043842
179,-1.279249,37.044337
180,-1.279287,37.044685
181,-1.279340,37.045236
182,-1.279408,37.046000
183,-1.279459,37.046458
184,-1.279547,37.047230
185,-1.279597,37.047741
186,-1.279689,37.048634
187,-1.279746,37.049192
188,-1.279872,37.050227
189,-1.279891,37.050454
190,-1.279934,37.050932
191,-1.279983,37.051446
192,-1.280004,37.051653
193,-1.280172,37.053040
194,-1.280279,37.053836
195,-1.280368,37.054251
196,-1.280563,37.055138
197,-1.280691,37.055640
198,-1.280850,37.056233
199,-1.280925,37.056501
200,-1.281227,37.057577
201,-1.281390,37.058178
202,-1.281515,37.058609
203,-1.281612,37.058945
204,-1.281796,37.059608
205,-1.282155,37.060889
206,-1.282372,37.061762
207,-1.282530,37.062671
208,-1.282564,37.062864
209,-1.282628,37.063355
210,-1.282679,37.063678
211,-1.282735,37.064129
212,-1.282760,37.064408
213,-1.282810,37.065297
214,-1.282822,37.065914
215,-1.282823,37.066242
216,-1.282828,37.066629
217,-1.282799,37.067577
218,-1.282722,37.068343
219,-1.282705,37.068767
220,-1.282701,37.068874
221,-1.282682,37.069389
222,-1.282644,37.070371
223,-1.282601,37.071486
224,-1.282561,37.072362
225,-1.282534,37.073097
226,-1.282509,37.074299
227,-1.282483,37.074908
228,-1.282468,37.075509
229,-1.282467,37.075768
230,-1.282448,37.076212
231,-1.282445,37.076640
232,-1.282448,37.077195
233,-1.282475,37.077767
234,-1.282522,37.078423
235,-1.282565,37.078848
236,-1.282652,37.079467
237,-1.282685,37.079776
238,-1.282726,37.080085
239,-1.282793,37.080584
240,-1.282845,37.081078
241,-1.282908,37.081454
242,-1.282945,37.081840
243,-1.282979,37.082080
244,-1.283040,37.082617
245,-1.283085,37.083074
246,-1.283110,37.083344
247,-1.283183,37.083964
248,-1.283252,37.084570
249,-1.283316,37.084943
250,-1.283426,37.085831
251,-1.283504,37.086467
252,-1.283575,37.087038
253,-1.283734,37.088375
254,-1.283848,37.089338
255,-1.283912,37.089779
256,-1.283971,37.090293
257,-1.284015,37.090771
258,-1.284048,37.091182
259,-1.284074,37.091600
260,-1.284079,37.091671
261,-1.284105,37.092074
262,-1.284114,37.092741
263,-1.284112,37.092955
264,-1.284109,37.093520
265,-1.284069,37.093894
266,-1.284065,37.094157
267,-1.284043,37.094714
268,-1.283982,37.095016
269,-1.283942,37.095494
270,-1.283945,37.095924
271,-1.283917,37.096411
272,-1.283904,37.097042
273,-1.283887,37.097504
274,-1.283863,37.097957
275,-1.283840,37.098518
276,-1.283817,37.098885
277,-1.283773,37.099464
278,-1.283729,37.099878
279,-1.283673,37.100360
280,-1.283648,37.100597
281,-1.283582,37.101061
282,-1.283503,37.101599
283,-1.283453,37.101833
284,-1.283334,37.102380
285,-1.283303,37.102551
286,-1.283245,37.102819
287,-1.283055,37.103575
288,-1.282936,37.103971
289,-1.282823,37.104326
290,-1.282682,37.104744
291,-1.282551,37.105135
292,-1.282445,37.105455
293,-1.282334,37.105752
294,-1.282181,37.106160
295,-1.281989,37.106594
296,-1.281742,37.107151
297,-1.281395,37.107875
298,-1.281250,37.108167
299,-1.281052,37.108533
300,-1.280703,37.109152
301,-1.280595,37.109352
302,-1.280368,37.109767
303,-1.280058,37.110341
304,-1.279635,37.111111
305,-1.279406,37.111567
306,-1.279203,37.111995
307,-1.279114,37.112181
308,-1.278857,37.112746
309,-1.278744,37.113013
310,-1.278526,37.113599
311,-1.278381,37.113998
312,-1.278314,37.114186
313,-1.278145,37.114681
314,-1.278035,37.115008
315,-1.277941,37.115314
316,-1.277799,37.115818
317,-1.277660,37.116388
318,-1.277468,37.117190
319,-1.277442,37.117346
320,-1.277367,37.117846
321,-1.277323,37.118144
322,-1.277233,37.118771
323,-1.277134,37.119549
324,-1.277111,37.119929
325,-1.277094,37.120324
326,-1.277076,37.120750
327,-1.277056,37.121183
328,-1.277056,37.121257
329,-1.277052,37.121726
330,-1.277054,37.122164
331,-1.277072,37.122738
332,-1.277082,37.123013
333,-1.277091,37.123589
334,-1.277098,37.123825
335,-1.277095,37.124639
336,-1.277114,37.125347
337,-1.277122,37.126401
338,-1.277132,37.127051
339,-1.277136,37.127286
340,-1.277143,37.127611
341,-1.277157,37.128258
342,-1.277181,37.129455
343,-1.277221,37.131527
344,-1.277245,37.132292
345,-1.277245,37.133100
346,-1.277252,37.133700
347,-1.277272,37.134906
348,-1.277287,37.135404
349,-1.277303,37.135915
350,-1.277306,37.136434
351,-1.277315,37.136856
352,-1.277339,37.137429
353,-1.277357,37.137953
354,-1.277359,37.138016
355,-1.277395,37.138555
356,-1.277429,37.138857
357,-1.277511,37.139537
358,-1.277564,37.139923
359,-1.277623,37.140281
360,-1.277703,37.140809
361,-1.277797,37.141342
362,-1.277953,37.142064
363,-1.278145,37.142886
364,-1.278445,37.144073
365,-1.278532,37.144472
366,-1.278989,37.146345
367,-1.279263,37.147495
368,-1.279617,37.148936
369,-1.279761,37.149519
370,-1.280013,37.150558
371,-1.280160,37.151168
372,-1.280227,37.151445
373,-1.280568,37.152798
374,-1.280702,37.153431
375,-1.280814,37.153977
376,-1.280901,37.154441
377,-1.280997,37.154950
378,-1.281056,37.155294
379,-1.281201,37.156301
380,-1.281400,37.158072
381,-1.281542,37.159368
382,-1.281671,37.160594
383,-1.281769,37.161374
384,-1.281841,37.162163
385,-1.281894,37.162663
386,-1.281951,37.163104
387,-1.282028,37.163515
388,-1.282272,37.164789
389,-1.282344,37.165101
390,-1.282603,37.166134
391,-1.282958,37.167366
392,-1.283110,37.167876
393,-1.283409,37.168884
394,-1.283850,37.170392
395,-1.284158,37.171467
396,-1.284484,37.172522
397,-1.284666,37.173208
398,-1.284862,37.174005
399,-1.285060,37.174888
400,-1.285142,37.175397
401,-1.285228,37.175975
402,-1.285257,37.176178
403,-1.285305,37.176507
404,-1.285362,37.177049
405,-1.285466,37.178108
406,-1.285601,37.179545
407,-1.285623,37.179792
408,-1.285660,37.180156
409,-1.285712,37.180812
410,-1.285758,37.181353
411,-1.285825,37.182080
412,-1.285872,37.182619
413,-1.285921,37.183185
414,-1.285945,37.183489
415,-1.285970,37.183755
416,-1.286011,37.184286
417,-1.286045,37.184657
418,-1.286073,37.184936
419,-1.286101,37.185206
420,-1.286161,37.185852
421,-1.286199,37.186295
422,-1.286232,37.186642
423,-1.286245,37.186830
424,-1.286285,37.187292
425,-1.286334,37.187891
426,-1.286383,37.188395
427,-1.286434,37.188992
428,-1.286495,37.189693
429,-1.286558,37.190348
430,-1.286584,37.190584
431,-1.286624,37.191061
432,-1.286645,37.191286
433,-1.286698,37.191904
434,-1.286734,37.192406
435,-1.286796,37.193101
436,-1.286885,37.194104
437,-1.286943,37.194676
438,-1.287003,37.195111
439,-1.287074,37.195546
440,-1.287138,37.195918
441,-1.287247,37.196526
442,-1.287389,37.197182
443,-1.287502,37.197671
444,-1.287626,37.198185
445,-1.287710,37.198500
446,-1.287836,37.198951
447,-1.287911,37.199212
448,-1.288285,37.200477
449,-1.288583,37.201558
450,-1.288706,37.202003
451,-1.288851,37.202609
452,-1.288960,37.203071
453,-1.289056,37.203564
454,-1.289145,37.204045
455,-1.289364,37.205368
456,-1.289411,37.205651
457,-1.289626,37.206973
458,-1.289879,37.208487
459,-1.290135,37.209958
460,-1.290269,37.210720
461,-1.290417,37.211571
