route,corridor,from_terminus,to_terminus,num_stages,return_towards,stages_in_order,surveyed_description,source_route_id
1,,Karen Dispensary,Dagoretti Market,14,Karen,Karen Dispensary > Nyumbani Diagnostic Lab > Nyumbani > Kenya Defense > Pepo Lane/St.Odillas > Don Bosco > St.Hannahs School > Africa International University > Rhino/Rhinopark Road > St.Hannah'S Girls/Kenya Assemblies Of God > Karinde Pcea Junction > Free Pentecostal Church/Karen End > Deliverance Church/Dagoretti Market > Dagoretti Market,Karen-Karinde-Dagoretti Market,70401000111
2,,Railways,Dagoretti Market Mwisho,30,Railways,Railways > Nairobi Area Police Traffic Headquarters > Kenyatta National Hospital > Memosa/Coptic > Uchumi Hyper Ngong Road/ Ngong Hills Hotel > Nakumatt Prestige > Motherland > Adams Arcade > Posta > Posta Stage > Impala > Jamuhuri/Kibera Station Road > Nakumatt Junction > Dagoretti Corner Stage > Deliverance Church Riruta > Kinyanjui > Sugoini > Mlangosoko > BP > Precious Blood Girls' School > Krep/Equity > Kwa Ng'Ang'A > Beth Mugo High School Kaberia > Mithonge > Waithaka > Mugiriti > Gachui > Ruthimitu Secondary School > Dagoretti Market > Dagoretti Market Mwisho,Railways-Ngong Road-Kawangware-Dagoretti Market,70601000211
5,,Kencom,Togo Apartments,15,Kencom,Kencom > Gpo > Serena > Valley Road Pentecostal > Memosa/Coptic > Uchumi Hyper Ngong Road/ Ngong Hills Hotel > Nakumatt Prestige > Motherland > Adams Arcade > Adams Arcade > Winners Chapel/Kanisani > Woodley > Nairobi Water > Npc Woodley > Togo Apartments,Town-Kenyatta-Adams-Jamhuri,70301000511
6,,Koja,Eastleigh Terminal,12,Koja,Koja > Ngara > Kie/Pioneer > Fly Over Pangani > Caltexdn > Guru Nanak > Pangani Police Post > Pangani Girls > Mamba Petro Station > Mlango > St Teresa > Eastleigh Terminal,Koja-Pangani Flyover-Guru Nanak-Pangani Girls High School-Mlango-Eastleigh,20702000611
7,,Luthuli Avenue,Gikomba,4,Gikomba,Luthuli Avenue > Kwa Dc/Id > Riziki Academy > Gikomba,Town-Kariokor DC-Gikomba,30100000711
8,,Railways,Equity Ayani,19,Railways,Railways > Nairobi Area Police Traffic Headquarters > Kenyatta National Hospital > Memosa/Coptic > Uchumi/National Oil > Rose Of Sharon > Peak Academy > Nursing Council > Kabarnet Gardens > Moi Girls' School Junction > Kwa DC > Makina/Kibera Law Courts > Kwa Njiru(Petrol Station) > San Siro > Karanja > Fort Jesus > Olympic Primary School > Olympic Primary School Stage > Equity Ayani,Railways-Ngong Road-Kibera,70200000811
10,,Muthurwa,Mwisho,17,Muthurwa,Muthurwa > City Stadium Stage > Shauri Moyo > Maziwa > Rikana > Church Army > Posta > Uchumi Jogoo Road > Kotini > Maringo Phase1 > Friends Centre > Hodihodi > No 10 > Junction > Lumumba Madukani > Lumumba Hosptial > Mwisho,Muthurwa-Makadara-Maringo,40401001011
11,,Bus Station,South B Mwisho,27,Bus Station,Bus Station > Kobil Haile Selassie > Makaburini > Industrial Area > Industrial Area Round About > Dunga Road/ Machakos > Car & General > Bandari > Dar-Es-Salaam > Mater Hospital > Makueni > Meridian > Mariakani > South Gate Centre > Kapiti Junction > Mchumbi Road > Mchumbi Road > Karuku > Plains View Primary > Githeri Rise > Sori > Mombasa Road > Sana Sana > Balozi > Our Lady Secondary > Hazina Estate > South B Mwisho,Bus Station-Industrial Area-South B-Hazina,50100001111
14,,Terminal Otc,Kariobangi Terminal,19,OTC,Terminal Otc > Kariokor > Pangani Girls > Mamba Petro Station > Mlango > Karambe > St Teresa > Albadr > Mathare Worship > BH > Agip > Number 10 > Thayo > Kwa Chief > Base > Flats > Johnsaga > Mother Teresa Road > Kariobangi Terminal,Ronald Ngala-Juja Road-Eastleigh-Huruma-Kariobangi,30800001411
15,,Bus Station,Terminal,15,Bus Station,Bus Station > Nyayo Stadium/Nairobi West Stage > Madaraka Flyover Stage > Wilson Airport/Shell > Amref > Dam Estate > Carnivore/Uchumi Hyper > Lang'Ata > Barracks > Pcea Junction > Chiefs > Otiende > Kanga Road > Mosque > Terminal,Bus Station-Nyayo Stadium-Wilson-Langata,50204001511
16,,Bus Station,Highrise,7,Bus Station,Bus Station > Nyayo Stadium/Nairobi West Stage > Madaraka Flyover Stage > Shell/T-Mall > Bluesky Estate > Airportview Estate > Highrise,Bus Station-Nyayo Stadium-T Mall-Highrise,50203001611
20,,Mama Lucy Terminal,Mwiki Terminal,26,Mama Lucy,Mama Lucy Terminal > Kayole Spine Junction > Nasra Estate > Bee Centre > Masimba > Masimba > Junction > Junction > Post > Soweto > Kioi > Nyando > Prime Rose > Rasta > Maria > Sabasaba > Kwa Chief > Goa Kayole Church > Diesel > Kayole Hispital/Biason Road > Kona > Kayole 1 > Kayole Junction > Twisters > Njiru > Mwiki Terminal,Mama Lucy Hospital-Kayole-Njiru-Mwiki,40702002001
24,,Karen/Shell,Kencom,30,Karen,Karen/Shell > The Legend/Kwa Farasi > Christophers > Shell/Hobwogi/Motton West Road > Miotoni > Lenana > Lenana > Forest View Mall > Racecourse > Pathway > Kenol > Santack Estate > Showground > Tankard > Corner/Meteorological Department/Total > Nakumatt Junction > 88Mph/Brew Bistro > Impala/Makini/Jamuhuri > Posta/Ole Odume Road > Adams Arcade > Kirichwa Road Junction > Total Ngong Road > Bishop Maigua Centre > China Centre > Coptic /Memosa > Kenyatta/Nairobi Hospital > 3Rd Ngong Avenue > Nhif > Agip > Kencom,Ambassadeur-Nyayo Stadium-Bomas-Hardy-Karen,50206002411
26,,Makadara,Kariobangi,24,Makadara,Makadara > Lumumba Madukani > Junction > Metropolitan Hospital > Buru Buru Girls > Harambee > Harambee > Harambee Uhuru Junction > Kiambiu > Kobil Calvary Temple > Neighbours Buruburu Phase 1 > Buruburu 1 Primary School > Phase 1 Stage > Raphael > SOS > Outer Mwisho > Total > Mayaka > Harmony > Rounda > KCB > Equity > Kanisani > Kariobangi,Makadara-Harambee-Outering-Kariobangi,40501002611
28,,Gikomba Market Terminals,Kariobangi Terminal,13,Gikomba,Gikomba Market Terminals > Pumwani Stage > Mathare Worship > BH > Agip > Number 10 > Thayo > Kwa Chief > Base > Flats > Johnsaga > Mother Teresa Road > Kariobangi Terminal,Gikomba-Eastleigh-Huruma-Kariobangi,30800002811
30,,Odeon Terminus,Ndumbuini Terminus,26,Odeon,Odeon Terminus > Museum > Chiromo > Westlands > St. Marks > Lions Place > Brookside > Aacc/Safaricom/Church Road > Aga Khan High School > Abc Place Stage > Abc Place Entrance > James Gichuru Junction > Kari > Nairobi School > Deloitte > Afralti > Kianda School > Sodom > Sugar Board/Shell > Mountain View/Total Petrol Station > Nne Market Stage > Kabete Technical Institute > Ahiti > Ilri/Uthiru Roundabout > Flyover Turnoff > Ndumbuini Terminus,Odeon-Westlands-Kangemi-Uthiru,80400003011
36,,City Stadium,Dandora Terminal,37,City Stadium,City Stadium > Shauri Moyo > Maziwa > Rikana > Church Army > Posta > Uchumi Jogoo Road > Hamza > Buruburu Phase 5 Stage > Buruburu Phase 5 Favourites > Npc Buruburu > Phase 4 Ya Juu > Bifa > Phase 4 Stage > Uchumi Buruburu > Tuskys > Mutindwa > Kenol Petrol Station > Knlb > Buruburu Phase One > Sos > K South > Acc&S Kariobangi South Church > 36 Stage > Junction 36 Stage > Wamwaris > Senior > Total > Aic Church > Marigo Nne > Kwa Mandazi > 41 Stage > Cinema > Bethany > Jua Cali > New Jeruslaem > Dandora Terminal,City Stadium-Buruburu-Kwa Mbao-Dandora,40601003611
3N,,Ngara,Gikomba,9,Ngara,Ngara > Posta > Total > New Ngara Estate > Kariokor > Kariokor > Kwa Dc/Id > Aic Ziwani > Gikomba,Gikomba-Kariokor-Ngara,30101000311
3U,,Dagoretti Corner Stage,Uthiru Pentecostal,19,Dagoretti Corner,Dagoretti Corner Stage > Deliverance Church Riruta > Kinyanjui > Sugoini > Mlangosoko > BP > Precious Blood Girls' School > Krep/Equity > Naivasha/Naivasha Road Flat > St.John College Riruta > Ndwaru > Riverside Flats > Gachangi/Darajani/Baptist Church > Gathondeki > Summer-Rock > ILRI > Uthiru > Kwa Mchanga/Total > Uthiru Pentecostal,Dagoretti Corner-Naivasha Road-Uthiru,70000000311
41,,Gikomba,Dandora Terminal,26,Gikomba,Gikomba > Pumwani Stage > Mathare Worship > BH > Agip > Number 10 > Thayo > Kwa Chief > Base > Flats > Johnsaga > Rounder > Soko > Kwa Mbao > Wamwaris > Senior > Total > Aic Church > Marigo Nne > Kwa Mandazi > 41 Stage > Cinema > Bethany > Jua Cali > New Jeruslaem > Dandora Terminal,Gikomba-Rounda-Dandora,30007004111
42,,Terminal,Dandora Terminal,19,Alsops,Terminal > Dawa Pharmacutical > Kariobangi Market Stage > Shell Petrol Station > Rounder > Soko > Kwa Mbao > Wamwaris > Senior > Total > Aic Church > Marigo Nne > Kwa Mandazi > 41 Stage > Cinema > Bethany > Jua Cali > New Jeruslaem > Dandora Terminal,Allsops-Rounda-Dandora,20807042011
4W,,Railways,Chemist/Kwa Maji/Kaberia,35,Railways,Railways > Nairobi Area Police Traffic Headquarters > Kenyatta National Hospital > Memosa/Coptic > Uchumi Hyper Ngong Road/ Ngong Hills Hotel > Nakumatt Prestige > Motherland > Adams Arcade > Posta > Posta Stage > Impala > Jamuhuri/Kibera Station Road > Nakumatt Junction > Dagoretti Corner Stage > Victory World Outreach > Suma House > Full Gospel Church/Kiruria > Ithembe > Good Samaritan High School > Wanyee Stage > Bumps > Mutindwa > Jirani Centre > Genesis > Ngotho Road > Satellite Stage > Riruta Satellite Primary School > Kaberia/Pc Kinyanjui Technical Training Institute > New Kaberia Supermarket > Simpsons Bar And Rest > Kenya Redeemed Church Riruta > St. John Othordox Church > Shine Centre > Muhia Road > Chemist/Kwa Maji/Kaberia,Railways-Ngong Road-Wanyee-Kaberia,70500004W11
53,,Roasters,Maruirui,8,Roasters,Roasters > Neighbours > Kona > Steam > Nyati > 2Nd Miguini > Ruaraka > Maruirui,Roasters-Thome-Maruirui,20400005311
56,,Railways,Kanungaga/56 Mwisho,23,Railways,Railways > Serena > Integrity Centre > Valley Road Pentecostal > D.O.D > Hurlingham > Quality > Chaka Place > Yaya > Yaya > Kilimani > Kirichwa > Montessouri > Valley Arcade > Amboseli > Braeburn > Congo > Huduma Church/Hotel 56 > St.Francis/Kanisani > Warrior/Califonia > Twinkling Stars School/Zebra Bar > Mkombozi/Fraemy Supermarket > Kanungaga/56 Mwisho,Town-Yaya-Congo-Kanungaga,60201005611
58,,Ambassadeur,Mutindwa,18,Ambassadeur,Ambassadeur > City Stadium Stage > Shauri Moyo > Maziwa > Rikana > Church Army > Posta > Uchumi Jogoo Road > Hamza > Buruburu Phase 5 Stage > Buruburu Phase 5 Favourites > Npc Buruburu > Phase 4 Ya Juu > Bifa > Phase 4 Stage > Uchumi Buruburu > Tuskys > Mutindwa,Ambassadeur-Jogoo Road-Buruburu,40601005811
69,,Muthurwa,Gm Mwisho,18,Muthurwa,Muthurwa > City Stadium/Lusaka Road Junctn > Dt Dobie > Prison > Daresalam > Total > Homabay > Equity > Busia > Kampala > Kampala > Tetrapark > Shell > Road A > Chloride Exide > Falcon > Gm > Gm Mwisho,Muthurwa-Hillocks-GM,40102040511
6E,,Church Army,Joster,7,Church Army,Church Army > Rikana > Jana Villa > Biafra > Biafra > Suncity > Joster,Church Army-Biafra-Joster,40200000601
7C,,Kencom,Kenyatta Hospital Stage,6,Kencom,Kencom > Gpo > Serena > Community > Old Mutual > Kenyatta Hospital Stage,Kencom-Community-Equity Center-Kenyatta National Hospital,60101007C11
102,,Railways,Kikuyu,40,Railways,Railways > Nairobi Area Police Traffic Headquarters > Kenyatta National Hospital > Memosa/Coptic > Uchumi Hyper Ngong Road/ Ngong Hills Hotel > Nakumatt Prestige > Motherland > Adams Arcade > Posta > Posta Stage > Impala > Jamuhuri/Kibera Station Road > Nakumatt Junction > Dagoretti Corner Stage > Deliverance Church Riruta > Kinyanjui > Sugoini > Mlangosoko > BP > Precious Blood Girls' School > Krep/Equity > Kwa Ng'Ang'A > Beth Mugo High School Kaberia > Mithonge > Waithaka > Mugiriti > Gachui > Ruthimitu Secondary School > Shell/Dagoretti Police Station > Dagoretti Rehabilitation Centre > Denoil > Kirunguro > Uon Kikuyu Campus > Uon Kikuyu Campus Stage > Alliance High School > Alliance High School Stage > Gardens > Full Gospel > Green Gardens School > Kikuyu,Railways-NgongRoad-Kawangware-Kikuyu,70600010211
103,,Dagoretti Corner Stage,Wangige Stage,45,Dagoretti Corner,Dagoretti Corner Stage > Deliverance Church Riruta > Kinyanjui > Sugoini > Mlangosoko > BP > Precious Blood Girls' School > Krep/Equity > Naivasha/Naivasha Road Flat > St.John College Riruta > Ndwaru > Riverside Flats > Gachangi/Darajani/Baptist Church > Gathondeki > Summer-Rock > ILRI > Uthiru > Kwa Mchanga/Total > Uthiru Pentecostal > Waiyaki Way/Uthiru Junction > Deliverance Church/Petrol Station > Shell/Cooperation > 87/Gachecheni > 87/Total > Kinoo Girls High School > Jacmil Supermarket/Kinoo Stage > Muthiga Academy > Muthiga/Kikopey > Dominion Church > Regen Filling Station > Rungiri > Kampala Way Filling Station > Kwa Ngwacii Junction > Gitaru Junction > Kwa Njeru/Gitaru/Pank View > Kwa Njeru Stage > Magu > Matta > Muthure > Ack St. Phillips > Kanyariri > Acacia Junction/King'Eero > Pefa King'Eero > Total Wangige > Wangige Stage,Dagoretti Market-Uthiru-Kinoo-Wangige,70000010311
105,,Kikuyu Terminus,Odeon Terminus,37,Odeon,Kikuyu Terminus > Pine Crib Apartments > Kikuyu Country Resort > Gitaru/Vantage School > Kampala > Rungiri > Regen > Muthiga > Muthiga > Kinoo > Kinoo > 87 > Wanjimi > Cooperation > Uthiru > Uthiru > Mariguini > Kabete Pp > Thing'O > Mountain > Kangemi > Heshima Supermarket > Cck > Nairobi School > Kari/James Gichuru > Kabete Barracks > Westlands Dc > Church Road/Westlands Primary School > Lion'S Place > St. Marks Church > Gama Pinto Road > Westlands Stage > Eden Square > Chiromo > Museum > Main Campus > Odeon Terminus,Odeon-Westlands-Kangemi-Kinoo-Regen-Kikuyu,80500010511
106,,Koja/Nation Centre,Banana Terminus,42,Koja,Koja/Nation Centre > Ngara Road > Jamuhuri High School > Stima Plaza > Stima Plaza Stage > Wambugu Road > Aga Khan Academy > Oilibya > City Park > 6Th Parklands Avenue/Regal House/Kobil > Belgian Embassy/Karura > Un > Redhill Road > Village Market > Karura/Runda > Runda Estate Entrance > Rosslyn Road > Rosslyn Road/Karura Community Chapel > Shakers/Rosslyn Gate > Delta Petrol Station/ Brook Apartmens > Ruaka Junction > Church Of Acts/Velvet Lounge > Kiambea > Redeemed/Pefa Muchatha > Guango > Kwa Jeki > Kwa Kanisa Ack/National Oil > Muchatha Shopping Centre > Life Sanctuary Church/Muchatha Shopping Centre > Mary Immaculate Catholic Church/Muchatha Shopping Centre > Muchatha Dispensary/Kwa Shule/Yamongo Drive > Kivuti Stage > Sacred Heart > Kwa Njoki Kamili > Kwa Njoki/Ack Thimbigwa > Victory > Zakau > Likoni > Mombasa > Mkulima Supermarket/Banana > Kobil/Banana > Banana Terminus,Odeon-UN-Ruaka-Banana,10300106011
107,,Odeon,Karura Mwisho,41,Odeon,Odeon > Ngara Road > Jamuhuri High School > Stima Plaza > Stima Plaza Stage > Wambugu Road > Aga Khan Academy > Oilibya > City Park > 6Th Parklands Avenue/Regal House/Kobil > Belgian Embassy/Karura > Un > Redhill Road > Village Market > Karura/Runda > Runda Estate Entrance > Rosslyn Road > Rosslyn Road/Karura Community Chapel > Shakers/Rosslyn Gate > Delta Petrol Station/ Brook Apartmens > Ruaka Stage > Ruaka Ack Church > Ruaka Dc > Ruaka Catholic Church > Slaughter > Pm Flats/ Runda View > Pm Flats/ Runda View 2 > Mirai Court/Mifereji > Komototho > Gacharage Junction > Rumenya > Ambassadors Stage > Ambassadors Entrance > Christco Church > Furaha/ Kag Ndenderu > Ndenderu Stage > Redeemed Ndenderu > Ndenderu Junction > Ndenderu Sda > St.Annes > Karura Mwisho,Odeon-UN-Ruaka-Ndenderu,10400010711
108,,Poland Embassy,Gasolina/Gichagi Mwisho,14,UNEP,Poland Embassy > Muthaiga Junction > Nyari > Nyari Gate 2 > Nyari Police > Nyari Gate 3 > Roslyn Heights > Sda Church > Kamukabi > Kona > Sub Chief > Power > Jakai > Gasolina/Gichagi Mwisho,UN-New Muthaiga-Gachie-Gichagi,10200010811
110,,Easy Coach/Uchumi,Kitengela,37,Railways Uchumi,Easy Coach/Uchumi > Nyayo > The Office > Capital Centre > Belleview > Park Side Towers > Panari > Standard Group > Sameer > GM > Imara Daima > Cabanas > Tuffsteel > Airport Junction > Nice N Lovely > Kapa > Mabati > Nation > Nation > Syokimau > Allpack > Allpack > Tops/Stage Ya Juu > Mlolongo > Petma/Mlolongo Chini > Mjengo > Sabaki > Toll > Toll > Shalom > Shell/Kenol > Mlangoni > Vanillas > Village > EPZ > Tosha > Kitengela,Railways-Mombasa Road-Mlolongo-Kitengela,50800011011
111,,Railways,Ngong Bus Terminus,58,Railways,Railways > Nairobi Area Police Traffic Headquarters > Kenyatta National Hospital > Memosa/Coptic > Uchumi Hyper Ngong Road/ Ngong Hills Hotel > Nakumatt Prestige > Motherland > Adams Arcade > Posta > Posta Stage > Impala > Jamuhuri/Kibera Station Road > Nakumatt Junction > Corner/Meteorological Department > Tankard/Shallow > Showground > Showground/Fastenergy > Kenol > Pathway > Racecourse > Lenana > Lenana > Miotoni > Christophers > Kwa Farasi > Karen > Windy Ridge/Group Africa > Westwood/Defense College > Mbagathi/Kephis > Kcb Community > Shade Hotel > Shade Hotel > Jogoo > Jogoo/Kbc > Maasai High School > Hekima > Umoja > Bumps/Pcea > Bulbul > Bulbul Kanisani(Catholic Church) > Elsi Place > Kwa Muchina > Naivas/ Vet > Kenvic > Nyali House > Karmu House > Universal > Garage > Zambia > Carwash > Perminus > Venessa > Sportman > Coutry Club > Kenol > Pcea Endorro Emuny > Kwa Maji > Ngong Bus Terminus,Railways-Ngong Road-Karen-Ngong,70400011111
115,,Koja,Limuru Town Terminal,42,Koja,Koja > Chiromo > Chiromo > Westlands > St. Marks > Lions Place > Brookside > Aacc/Safaricom/Church Road > Aga Khan High School > Abc Place Stage > Abc Place Entrance > James Gichuru Junction > Kari > Nairobi School > Deloitte > Afralti > Kianda School > Sodom > Kangemi Market > Kabete Police Station > Kinoo > Mutiga > Rungiri > Gitaru > Sigona > Zopen > Gicini > Muguga > Ika Ithano > Ika Ithano > Ha Joram > Chunga Mali > Chunga Mali > Rironi > Rironi > Kampala > Kamandura > Kamirithu > Kwa Mbira > Kwa Mbira > Kwa Do > Limuru Town Terminal,Koja-Westlands-Kangemi-Limuru,80000115011
116,,Koja,Limuru Terminus,49,Koja,Koja > Jamuhuri High School > Stima Plaza > Stima Plaza Stage > Wambugu Road > Aga Khan Academy > Oilibya > City Park > 6Th Parklands Avenue/Regal House/Kobil > Belgian Embassy/Karura > Un > Redhill Road > Village Market > Karura/Runda > Runda Estate Entrance > Rosslyn Road > Rosslyn Road/Karura Community Chapel > Shakers/Rosslyn Gate > Delta Petrol Station/ Brook Apartmens > Ruaka Junction > Church Of Acts/Velvet Lounge > Kiambea > Redeemed/Pefa Muchatha > Guango > Kwa Jeki > Kwa Kanisa Ack/National Oil > Muchatha Shopping Centre > Life Sanctuary Church/Muchatha Shopping Centre > Mary Immaculate Catholic Church/Muchatha Shopping Centre > Muchatha Dispensary/Kwa Shule/Yamongo Drive > Kivuti Stage > Sacred Heart > Kwa Njoki Kamili > Kwa Njoki/Ack Thimbigwa > Victory > Zakau > Likoni > Mombasa > Mkulima Supermarket/Banana > Kobil/Banana > Banana Terminus > Makutano > Kimera Medical Centre > Maramba Tea Factory > Ken Chick > Limuru Cataring > Green Valley School > Tigoni > Limuru Terminus,Koja-Ngara-Banana-Limuru,10000116011
118,,Koja,Wangige Stage,27,Koja,Koja > Parklands Sports Club > Mp Shah > Mayfair > Westlands > Sarit > Peponi Road > Brookside Drive Junction > Total/Kabete Lane > Spring Valley Stage/Intel College > Spring Valley Police Station > Hill View > Zen Gardens > Zen Gardens > Peponi House > Kabete Springs > Lower Kabete Posta > Kenya School Of Administration > University Of Nairobi School Of Business > Rhythm College > Gacio Junior Academy > Kamutii Car Wash > Kamutii-Ini > Modern Oil Service Station > Kigeero-Mwisho > Wangige > Wangige Stage,Koja-Westlands-Kabete-Wangige,80100011811
119,,Koja,Wangige Health Centre,30,Koja,Koja > Ngara > Parklands Sports Club > Mp Shah > Mayfair > Westlands > Sarit > Peponi Road > Brookside Drive Junction > Total/Kabete Lane > Spring Valley Stage/Intel College > Spring Valley Police Station > Hill View > Zen Gardens > Zen Gardens > Lake View > Kia > Kirawa Road > New Kitisuru Estate/Total > Mwimuto > Ack Assemblies Of God Mwimuto > Kanini > Bluechip Apartments/Mwimuto Pefa/Tumaini Gardens > Kwa Rhoda > Oasis Mission Hospital > Lekamu > Kibichiku Centre > Kiambu Institute Of Hotels And Catering/Valence School > Ack Kibichiku > Wangige Health Centre,Koja-Westgate-Wangige,80000011911
11A,,Odeon Terminus,Kwa Mosque/Highridge Mwisho,16,Odeon,Odeon Terminus > Ngara Road > Jamuhuri High School > Stima Plaza > Stima Plaza Stage > Wambugu Road > Aga Khan Academy > Oilibya > Aga Khan Hospital Junction > Aga Khan Hospital Stage > Aga Khan Hospital Entrance > Arya Girls' Secondary School > Nakumatt/Post Office > Amani Plaza/Almond Court > Nish Raaj Estate > Kwa Mosque/Highridge Mwisho,Odeon-Aga Khan-Highridge,10100011A11
11B,,Koja,Mayfair,4,Koja,Koja > Parklands Sports Club > Mp Shah > Mayfair,Koja-MP Shah-Westlands,80000011B11
11C,,Odeon,Pangani Terminal,12,Odeon,Odeon > Koja > Ngara > Kie/Pioneer > Fly Over Pangani > Caltexdn > Guru Nanak > Pangani Police Post > Pangani Girls > Mamba Petro Station > Mlango > Pangani Terminal,Odeon-Pangani Flyover-Pangani Girls High School-Mlango-Pangani Terminus,30100011C11
11F,,Odeon,Ruaka Stage,21,Odeon,Odeon > Ngara Road > Jamuhuri High School > Stima Plaza > Stima Plaza Stage > Wambugu Road > Aga Khan Academy > Oilibya > City Park > 6Th Parklands Avenue/Regal House/Kobil > Belgian Embassy/Karura > Un > Redhill Road > Village Market > Karura/Runda > Runda Estate Entrance > Rosslyn Road > Rosslyn Road/Karura Community Chapel > Shakers/Rosslyn Gate > Delta Petrol Station/ Brook Apartmens > Ruaka Stage,Odeon-UN-Ruaka,10300011F11
125,,Railways,Kware,34,Railways,Railways > Kobil Haile Selassie > Nyayo Stadium/Nairobi West Stage > Madaraka Flyover Stage > Shell/T-Mall > Wilson Airport/Shell > Amref > Dam Estate > Carnivore/Uchumi Hyper > Lang'Ata > Barracks > Lang'Ata Road Stage/St. Mary'S H > Nairobi National Park/Orphanage > Lang'Ata Cemetery > Wck > Bomas/Ongata Rongai Junction > Nairobi National Park Gate > Cuea > Acacia/Total > Maro Gardens > Banda School > Mukoma Road > Multimedia University > Hashi/Visions Of Glory Church > Nibs/Ongata Rongai > Uchumi/Masai Mall/Ongata Rongai > Tumaini/Ongata Rongai > Kobil > St.Mary'S Ccatholic Church > Tyme Arcade/Ongata Mall > Ongata Police Station/Nyotu > Kenol > Legend/Tuskys > Kware,Railways-Langata Road-Bomas-Ongata Rongai,50205012511
126,,Railways,Kiserian,47,Railways,Railways > Kobil Haile Selassie > Nyayo Stadium/Nairobi West Stage > Madaraka Flyover Stage > Shell/T-Mall > Wilson Airport/Shell > Amref > Dam Estate > Carnivore/Uchumi Hyper > Lang'Ata > Barracks > Lang'Ata Road Stage/St. Mary'S H > Nairobi National Park/Orphanage > Lang'Ata Cemetery > Wck > Bomas/Ongata Rongai Junction > Nairobi National Park Gate > Cuea > Acacia/Total > Maro Gardens > Banda School > Mukoma Road > Multimedia University > Hashi/Visions Of Glory Church > Nibs/Ongata Rongai > Uchumi/Masai Mall/Ongata Rongai > Tumaini/Ongata Rongai > Kobil > St.Mary'S Ccatholic Church > Tyme Arcade/Ongata Mall > Ongata Police Station/Nyotu > Kenol > Legend/Tuskys > Kware > Nairobi Womens > Olerai > Laiser Hill > Exciting > Acacia > Adventist University > Nkoroi White House > Kanisani/Pcea > Rimpa > Nalepo > Kiserian Girls/Kwa Maji > Kiserian Market > Kiserian,Railways-Langata Road-Ongata Rongai-Kiserian,50205012611
129,,Kikuyu Terminus,Wangige Stage,16,Kikuyu,Kikuyu Terminus > Pine Crib Apartments > Kikuyu Country Resort > Kwa Ngwacii Junction > Gitaru Junction > Kwa Njeru/Gitaru/Pank View > Kwa Njeru Stage > Magu > Matta > Muthure > Ack St. Phillips > Kanyariri > Acacia Junction/King'Eero > Pefa King'Eero > Total Wangige > Wangige Stage,Kikuyu-Magu-Kingeero-Wangige,70000012911
12C,,Bus Station,Container/New Apostolic Church,12,Bus Station,Bus Station > Nyayo > The Office > Capital Centre > Belleview > Mombasa Road Turnoff > Oilibya/Nema > Nema/Mavuno > Redcross/Kipi > Kirdi/Southend Estate > Akila/Akila Police Post > Container/New Apostolic Church,Bus Station-Red Cross-Mugoya,50300012C11
12D,,Bus Station,Highway Estate,17,Bus Station,Bus Station > Nyayo > The Office > Capital Centre > Belleview > Mombasa Road Turnoff > Oilibya/Nema > Nema/Mavuno > Red Cross > Boma Hotel > College Of Insurance > Madina Estate > Kenya Assemblies Of God/Dafam Hotel > Friends Court > Athi House > Amboseli Estate > Highway Estate,Bus Station-Red Cross-KPA-College Of Insurance-Amboseli,50301012D11
135,,Kaka Terminal,Limuru Town Terminal,44,Uthiru,Kaka Terminal > Chiromo > Chiromo > Westlands > St. Marks > Lions Place > Brookside > Aacc/Safaricom/Church Road > Aga Khan High School > Abc Place Stage > Abc Place Entrance > James Gichuru Junction > Kari > Nairobi School > Deloitte > Afralti > Kianda School > Sodom > Kangemi Market > Custoil > Nne Market/Sokoni > Kabete Police Station > Kinoo > Mutiga > Rungiri > Gitaru > Sigona > Zopen > Gicini > Muguga > Ika Ithano > Ika Ithano > Ha Joram > Chunga Mali > Chunga Mali > Rironi > Rironi > Kampala > Kamandura > Kamirithu > Kwa Mbira > Kwa Mbira > Kwa Do > Limuru Town Terminal,Kaka-Westlands-Kangemi-Limuru,80000135011
14A,,Bus Station,Strathmore/Siwaka,12,Bus Station,Bus Station > Kenya Polytechnic Bus Stop > Nyayo Stadium/Nairobi West Stage > West End Bar/Barclays > Nairobi West Stage > Discount > Kodi I > Kodi Ii > Madaraka Shopping Centre > Nhc Flats/Madaraka Primary School > 7Up > Strathmore/Siwaka,Bus Station-Nairobi West-Madaraka-Strathmore,50201014A11
14B,,Bus Station,T-Mall,14,Bus Station,Bus Station > Kenya Polytechnic Bus Stop > Nyayo Stadium/Nairobi West Stage > West End Bar/Barclays > Nairobi West Stage > Discount > West Mall > Miller Estate > Civil Servants > Moi Educational Centre > Kenya Society For The Blind > Space Apartments > Magharibi/Kogo Star > T-Mall,Bus Station-Nairobi West-TMall,50201014B11
17A,,Rounda,Calvary,27,Kayole,Rounda > Mayaka > Total > Bridge > Caltex > Umoja Junction > Charina > Junction > Peacock > Olomboni Junction > Kwa Chief > Umoja 2 > Kayole Spine Junction > Nasra Estate > Bee Centre > Masimba > Masimba > Nyama Villa > Kwa D.O > Rocks > Rocks > Pcea > Kanisani > Kanisani > Tushauriane > Step 1 > Calvary,Rounder-Umoja 2-Kayole,40705017A01
18C,,Kanisani,Eastleigh Terminal,41,Eastleigh,Kanisani > Kona > Diesel > Kwa Chief > Sabasaba > Maria > Raster > Prime Rose > Nyando > Kwa Do > Kanisani > Gate 8 > Gertrudes > Gate 3 A > Rounder > Phase 4 Stage > Koma Junction > Junction > Ole Suyean Guest Hs > Maili Saba > Maili Saba D > Kwa Mbao > Ogopa Stage > Saika > Mowlem Police Post > Tononoka > AIC > Total > Senior > Wamwaris > Mutarakwa Road > Kwa Mbao > Raunda > Flats > Base > Kwa Chief > N 10 > Moi Airforces Stage > Jay Community > St.Teresa > Eastleigh Terminal,Eastleigh-Rounda-Dandora-Kayole,30600018C11
23W,,Nation Building Terminal,Westlands Terminal,6,Koja,Nation Building Terminal > Fig Tree > K1 Club > Agha Khan Hospital > Graffins College > Westlands Terminal,Nation Building-Museum Hill-Graffins College-Westlands,20000002311
24C,,Kencom,Karen,27,Kencom,Kencom > Gpo > Serena > Valley Road Pentecostal > Memosa/Coptic > Uchumi Hyper Ngong Road/ Ngong Hills Hotel > Nakumatt Prestige > Motherland > Adams Arcade > Posta > Posta Stage > Impala > Jamuhuri/Kibera Station Road > Nakumatt Junction > Corner/Meteorological Department > Tankard/Shallow > Showground > Showground/Fastenergy > Kenol > Pathway > Racecourse > Lenana > Lenana > Miotoni > Christophers > Kwa Farasi > Karen,Kencom-Valley Road-Ngong Road-Karen-Hardy,70201024C11
26S,,Aquinas,Kariobangi,24,Makadara,Aquinas > Bahati Primary School Kag Bahati > Kimathi/Section 3 Junction > Dr. Livingstone Primary School > Jerusalem Shopping Centre > Uhuru Shopping Centre > Uhuru Primary School > Harambee Uhuru Junction > Kiambiu > Kobil Calvary Temple > Neighbours Buruburu Phase 1 > Buruburu 1 Primary School > Phase 1 Stage > Raphael > SOS > Outer Mwisho > Total > Mayaka > Harmony > Rounda > KCB > Equity > Kanisani > Kariobangi,Aquinas-Jerusalem-Outering-Kariobangi,40403002611
32A,,Kencom,Ayani,25,Kencom,Kencom > Gpo > Serena > Community > Old Mutual > Kenyatta Hospital Stage > Nairobi Area Police Traffic Headquarters > Kenyatta National Hospital > Memosa/Coptic > Uchumi/National Oil > Rose Of Sharon > Peak Academy > Nursing Council > Kabarnet Gardens > Moi Girls' School Junction > Kwa DC > Makina/Kibera Law Courts > Kwa Njiru(Petrol Station) > San Siro > Karanja > Fort Jesus > Olympic Primary School > Olympic Primary School Stage > Equity Ayani > Ayani,Kencom-Community-KNH-Ngong Road-Ayani,70200003211
32D,,Terminal Otc,Dandora Terminal,32,OTC,Terminal Otc > 19/60 Stage > Kariokor > Pangani Girls > Mamba Petro Station > Mlango > St Teresa > Albadr > Mathare Worship > BH > Agip > Number 10 > Thayo > Kwa Chief > Base > Flats > Johnsaga > Rounder > Soko > Kwa Mbao > Wamwaris > Senior > Total > Aic Church > Marigo Nne > Kwa Mandazi > 41 Stage > Cinema > Bethany > Jua Cali > New Jeruslaem > Dandora Terminal,OTC-Kariokor-Mlango-Rounda-Dandora,30907003211
33B,,Commercial,Baraka Estate,25,Commercial,Commercial > Nyayo > The Office > Capital Centre > Belleview > Park Side Towers > Panari > Standard Group > Sameer > GM > Imara Daima > Cabanas > Kobil > Kitindo > Transami > Rounda/Taj > Tuskys > Embakasi Village > Embakasi > Kwa Kanisa > Car Wash > Jua Kali > Chini Ya Mlima > Kwa Gate > Baraka Estate,Commercial-Cabanas-Baraka,50703033C11
33C,,Commercial,Kobil,24,Commercial,Commercial > City Stadium Stage > Shauri Moyo > Maziwa > Rikana > Church Army > Posta > Uchumi Jogoo Road > Hamza > Tom Mboya Hall > Doni > Caltex > Kware > Tumaini > Meatland > Stage Mpya > Fedha > Pipeline > Chemist > Spinners > Rounda > Transami > Kitindo > Kobil,Commercial-Jogoo Road-Pipeline-Cabanas,40700033C11
33H,,Carbanas,By Pass,17,Cabanas,Carbanas > Kobil > Kitindo > Transami > Roundabout > Nyayo Barracks > Baracks > China > G.S.U > Mihang'O > A.P > Kwa Chief > Amani > Utawala Junction > Benedicta > Ucc > By Pass,Cabanas-Utawala-Bypass,50700033H01
33J,,Carbanas,Githunguri,18,Cabanas,Carbanas > Kobil > Kitindo > Transami > Roundabout > Nyayo Barracks > Baracks > China > G.S.U > Mihang'O > A.P > Kwa Chief > Amani > Benedicta > Kwa Stone > Shopping Mall > Elshadai > Githunguri,Cabanas-Utawala-Githunguri,50703033J01
34B,,Ambassadeur,Jacaranda,23,Ambassadeur,Ambassadeur > City Stadium Stage > Shauri Moyo > Maziwa > Rikana > Church Army > Posta > Uchumi Jogoo Road > Hamza > Tom Mboya Hall > Doni > Caltex > Kisumu Ndogo > Kisumu Ndogo > Savanna > Savanna > Green Field > Green Field > Harambee Sacco > Phase 5 > Tuskys Green Span > Tuskys Green Span > Jacaranda,Ambassadeur-Donholm-Jacaranda,40702034B11
34J,,Ambassadeur,Passenger Boarding,27,Ambassadeur,Ambassadeur > City Stadium Stage > Shauri Moyo > Maziwa > Rikana > Church Army > Posta > Uchumi Jogoo Road > Hamza > Tom Mboya Hall > Doni > Caltex > Kware > Tumaini > Meatland > Stage Mpya > Fedha > Pipeline > Chemist > Spinners > Rounda > Transgobal > Cargo > Nas > Passenger Drop Off > Passenger Drop Off 1 > Passenger Boarding,Ambassadeur-Donholm-Rounda-JKIA,40700003411
34L,,Kenyatta National Hospital,St.Marys Hospital,22,KNH,Kenyatta National Hospital > Highrise > Total/Strathmore > Wilson/Amref > Dam Estate > Uchumi/Carnivore > Uhuru Gardens > Langata > Oil Libya > Gardens > Kirush > Civil > Southlands > Talent/Ngei > Langata High > St.Peters > Barracks > Kwa Chief > Stage > Otiende > Langata Prisons > St.Marys Hospital,Kenyatta National Hospital-Mbagathi Road-Wilson Airport-Langata,70100203411
405,,City Stadium/Lusaka Road Junctn,Baricho Road Terminus,6,City Stadium,City Stadium/Lusaka Road Junctn > Dt Dobie > Industrial Area > Car  & General > Shimo La Tewa > Baricho Road Terminus,City Stadium-Nyayo Stadium,40101040501
44K,,Roysambu Terminus,Main Stage,17,Odeon,Roysambu Terminus > Supreme > Royal > Gospel Church > Base > Base > Car Wash > Leesta Supermarket > Car Wash > Jacarada > Jacarada > Sikiliza > Karura > Mahiga Prima > West Plaza > Kenol Petro Station > Main Stage,Roysambu-Githurai-Ku,21100004421
45P,,Githurai,Proggie,4,Githurai,Githurai > Kona Kwa Rail > St Margret > Proggie,Githurai-Proggie,20000004513
46B,,Terminal Tusker,Tounder Terminal,17,Tusker,Terminal Tusker > Kariokor > Pangani Girls > Mamba Petro Station > Mlango > St Teresa > Albadr > Mathare Worship > BH > Agip > Number 10 > Thayo > Kwa Chief > Base > Flats > Johnsaga > Tounder Terminal,Ronald Ngala-Juja Road-Eastleigh-Rounda,30000046B11
46H,,Terminal Tusker,Johnsaga,17,OTC,Terminal Tusker > Kariokor > Pangani Girls > Mamba Petro Station > Mlango > Karambe > St Teresa > Albadr > Mathare Worship > BH > Agip > Number 10 > Thayo > Kwa Chief > Base > Flats > Johnsaga,Ronald Ngala-Juja Road-Eastleigh-Huruma,30000004611
46K,,Kencom,Kawangware Mwisho,20,Kencom,Kencom > Gpo > Serena > Valley Road Pentecostal > D.O.D > Hurlingham > Quality > Chaka Place > Yaya > Kilimani > Kirichwa > Montessouri > Valley Arcade > Amboseli > Braeburn > Kongo > Coast > Co-Op Bank > Sokoni > Kawangware Mwisho,Kencom-Valley Road-Yaya Centre-Kawangware,60200004611
46Y,,Kencom,Yaya,10,Kencom,Kencom > Gpo > Serena > Integrity Centre > Valley Road Pentecostal > D.O.D > Hurlingham > Quality > Chaka Place > Yaya,Kencom-Valley Road-Hurlinghum-Yaya Centre,60000004611
48A,,Odeon Terminus,Lavington Shopping Centre/Shell,12,Odeon,Odeon Terminus > Museum > Chiromo > Chiromo Flyover > Prime Bank > Imperial Bank > Riverside Lane/Montessori > Riverside Paddocks > Strathmore School > St.Austin'S > Shell/Lavington/Subru Motors > Lavington Shopping Centre/Shell,Odeon-Chiromo-Strathmore School-Lavington,80100048A11
48B,,Odeon Terminus,Othaya Road Stage,19,Odeon,Odeon Terminus > Museum > Chiromo > Chiromo Flyover > Prime Bank > Prime Bank Stage > Shell/Arboretum > Mwingi/Kasuku Centre > Kasuku Centre > Kandara Road > Kileleshwa Day Nursery > Kileleshwa Primary School > Corner Primary School > Kangundo > Jacaranda/Siaya Road > Likoni > Peponi Court > Methodist/Mazeras > Othaya Road Stage,Odeon-Chiromo-Westlands Bypass-Methodist Guesthouse-Othaya Road,80101048B11
48C,,Odeon Terminus,Yaya,15,Odeon,Odeon Terminus > Museum > Chiromo > Westlands/Parklands Baptist > Consolata > Prime Bank > Prime Bank Stage > Shell/Arboretum > Mwingi/Kasuku Centre > Kangundo > Jacaranda/Siaya Road > Likoni > Dennis Pritt > Lenana > Yaya,Odeon-Chiromo-Westlands-ByPass-Yaya,80200048C11
48K,,Westlands,Co-Op Bank,24,Westlands,Westlands > St. Marks > Lions Place > Brookside > Aacc/Safaricom/Church Road > Aga Khan High School > Abc Place Stage > Abc Place Entrance > Abc > Loreto Msongari > Muthangari Police Station > St.Mary'S School > Strathmore School > St.Austin'S > Shell/Lavington/Subru Motors > Lavington Shopping Centre/Shell > Ipsos Synovate/Acorn House > Convent Lane > James Gichuru/Gitanga Road Junction > Amboseli > Braeburn > Kongo > Coast > Co-Op Bank,Westlands-ABC Place-Lavington-Kawangware,80200004811
48O,,Odeon Terminus,Othaya Road,21,Odeon,Odeon Terminus > Museum > Chiromo > Chiromo Flyover > Prime Bank > Prime Bank Stage > Shell/Arboretum > Mwingi/Kasuku Centre > Kasuku Centre > Kandara Road > Kileleshwa Day Nursery > Kileleshwa Primary School > Corner Primary School > Brooklyn Palm Apartments > Ole Kejuodo/Kandara Road Junction > Day Care/Kandara Road > Jacaranda > Mwingi/Garage > Makueni > Mugoiri > Othaya Road,Odeon-Chiromo-Kileleshwa-Othaya Road,80101004811
04SK,,Tuskys Ronald Ngala,Saika Junction,19,Tusker,Tuskys Ronald Ngala > City Stadium Stage > Shauri Moyo > Maziwa > Rikana > Church Army > Posta > Uchumi Jogoo Road > Hamza > Tom Mboya Hall > Umoja Stage > Mtindwa > Caltex > Umoja Junction > Umoja 3 > Mama Lucy > Supa Loaf > Koma Junction > Saika Junction,Ronald Ngala-Jogoo Road-Kangundo Road-Saika-Kayole Junction,4070500SK11
107D,,Main Stage,Ruiru,12,Rwaka,Main Stage > Mimosa > Runda Road > Bypass Stage Kiambu > Windsor Advice > Ridgesways Girls > Jua Kali > Kahawa Railways Roundabout > Round A Bout Eastern Bypass > Ruiru Road Junction > Ruiru Prisons > Ruiru,Ruaka-Ruiru,10000107D11
114R,,Ngara Stage,Limuru Terminus,48,Ngara,Ngara Stage > Jamuhuri High School > Stima Plaza > Stima Plaza Stage > Wambugu Road > Aga Khan Academy > Oilibya > City Park > 6Th Parklands Avenue/Regal House/Kobil > Belgian Embassy/Karura > Un > Redhill Road > Village Market > Karura/Runda > Runda Estate Entrance > Rosslyn Road > Rosslyn Road/Karura Community Chapel > Shakers/Rosslyn Gate > Delta Petrol Station/ Brook Apartmens > Ruaka Stage > Ruaka Ack Church > Ruaka Dc > Ruaka Catholic Church > Slaughter > Pm Flats/ Runda View > Pm Flats/ Runda View 2 > Mirai Court/Mifereji > Komototho > Gacharage Junction > Rumenya > Ambassadors Stage > Ambassadors Entrance > Christco Church > Furaha/ Kag Ndenderu > Ndenderu Stage > Redeemed Ndenderu > Kianjogu Stage > Mothers Mercys > Muguku Farm > Red Hill > Blue Kiosk > Kiosk > Kabuku Juncion > Spu Limuru > Marrieta > Junction To Limuru Town > Limuru Diaries > Limuru Terminus,Ngara-Rwaka-Ndenderu-Limuru,10000114011
114W,,Ngara Teminal,Limuru Town Terminal,44,Ngara,Ngara Teminal > Chiromo > Chiromo > Westlands > St. Marks > Lions Place > Brookside > Aacc/Safaricom/Church Road > Aga Khan High School > Abc Place Stage > Abc Place Entrance > James Gichuru Junction > Kari > Nairobi School > Deloitte > Afralti > Kianda School > Sodom > Kangemi Market > Custoil > Nne Market/Sokoni > Kabete Police Station > Kinoo > Mutiga > Rungiri > Gitaru > Sigona > Zopen > Gicini > Muguga > Ika Ithano > Ika Ithano > Ha Joram > Chunga Mali > Chunga Mali > Rironi > Rironi > Kampala > Kamandura > Kamirithu > Kwa Mbira > Kwa Mbira > Kwa Do > Limuru Town Terminal,Ngara-Westlands-Kangemi-Limuru,80000114011
119A,,Koja,Gathiga Mwisho,20,Koja,Koja > Parklands Sports Club > Mp Shah > Mayfair > Westlands > Sarit > Peponi Road Junction/Sarit > General Mathenge Junction > Eldama Park/Westhouse > Spring Valley Shopping Centre/Oilibya > Thigiri Ridge/Kitisuru Road > Kimetrica > By-Pass > St.Catherine > Magnolia Hills > Isk > Aphrc > Gathiga Secondary School > Kihingo > Gathiga Mwisho,Town-Westlands-Peponi Road-Spring Valley-ISK-Gathiga,80000119A11
11_2,,Bus Station,Diamond Park Estate,23,BusStation,Bus Station > Kenya Polytechnic Bus Stop > Kobil Haile Selassie > Industrial Area > Industrial Area Round About > Dunga Road/ Machakos > Car & General > Bandari > Dar-Es-Salaam > Mater Hospital > Makueni > Meridian > Mariakani > South Gate Centre > Mosque > Kariba Estate > St.Veronica Ack > Railway Training Institute > South B Dispensary > Balozi > Balozi > Parkview/Winners > Diamond Park Estate,Town-Industrial Area-Mater-Railways Training Institute-Balozi-Hazina,50100001121
126N,,Ngong Town,Kiserian,11,Ngong,Ngong Town > Petro/Mwisho > 44 > Kona > Ngong Resort > Tuskys > Matasia > Matasia > Ole Roimen > Kwa Nicholas > Kiserian,Ngong-Kiserian,70400012611
145B,,By Pass,Ruiru,11,Bypass,By Pass > By Pass > Onyatta > Centy Club > Kobe > Mitikenda > Kamakis > Kwa Roy > Super Higway > By Pass > Ruiru,Bypass-Ruiru Ndani-Ruiru,50700014501
145D,,Super High Way,Ruiru,10,Torrents,Super High Way > Torrents > Torrents > Membley Church > Kwa Dogi > Membley > Roundabout > Junction > Prison > Ruiru,Torrents-Membley-Ruiru,20700145D01
1960,,Ladhes Road/Otc,Kayole 1,41,Kamukuji,Ladhes Road/Otc > City Stadium Stage > Shauri Moyo > Maziwa > Rikana > Church Army > Posta > Uchumi Jogoo Road > Hamza > Tom Mboya Hall > Umoja Stage > Manyanja > Manyanja > Tena > Car Wash > Manyanja Road Round About > Manyanja Road Round About > Bee Centre > Bee Centre > Masimba > Junction > Junction > Post > Soweto > Kioi > Nyando > Prime Rose > Rasta > Maria > Sabasaba > Kwa Chief > Goa Kayole Church > Diesel > Kayole Hispital/Biason Road > Kona > Nyora > Mihang'O > Mihang'O > Sowematt > Kona Mbaya > Kayole 1,OTC-Donholm-Kayole,40703196011
19C2,,Umoja Stage,Tushauriane,26,Donholm,Umoja Stage > Mtindwa > Caltex > Umoja Junction > Umoja 3 > Mama Lucy > Supa Loaf > Koma Junction > View Park > Infill B > Infill B > Sector 3B > Rounda > Phase1  Market > Phase1  Market > Mvinje Court > Mukokoa Court > Msisi Court > Mbuyu Court > Msaponi Court > Msaponi Court > Mkanju Court > Mkanju Court > Step 1 > Tushauriane > Tushauriane,Donholm-Caltex-Komarocks,4070519C211
2030,,Terminal,Rounder,5,Alsops,Terminal > Dawa Pharmacutical > Kariobangi Market Stage > Shell Petrol Station > Rounder,Allsops-Rounda,20800203001
23KG,,Odeon Terminus,Kangemi Terminus,21,Odeon,Odeon Terminus > Museum > Chiromo > Westlands > St. Marks > Lions Place > Brookside > Aacc/Safaricom/Church Road > Aga Khan High School > Abc Place Stage > Abc Place Entrance > James Gichuru Junction > Kari > Nairobi School > Deloitte > Afralti > Kianda School > Sodom > Posta Kangemi > Total Petrol Station Kangemi > Kangemi Terminus,Odeon-Chiromo-Westlands-Kangemi,80000002311
23KS,,Ambassadeur,Kariobangi South Estate/Deliverance Church,26,Ambassadeur,Ambassadeur > City Stadium Stage > Shauri Moyo > Maziwa > Rikana > Mt Kenya Bar Shauri Moyo > Morisson Primary School > Bahati Primary School Kag Bahati > Kimathi/Section 3 Junction > Dr. Livingstone Primary School > Jerusalem Shopping Centre > Uhuru Shopping Centre > Uhuru Primary School > Harambee Uhuru Junction > Kiambiu > Kobil Calvary Temple > Neighbours Buruburu Phase 1 > Buruburu 1 Primary School > Phase 1 Stage > SOS > Outer Mwisho > Pioneer Estate > Civil Servants Total Petrol Station > Civil Servants Southend Bar > Friends Inn > Kariobangi South Estate/Deliverance Church,Gill House-Jogoo Road-Shauri Moyo-Jerusalem-Buruburu-Kariobangi South,40201002311
24BK,,Nakumatt Galleria,Karen Road-Lang'Ata Road Junction,18,Bomas,Nakumatt Galleria > Npc Karen > Cuea | Catholic University > Kenol/Nairobi Academy > Africa Gospel Church > Karen South Secondary > Mega Link > Karen C Secondary School > Total Karen > Fair Acres Road > Hillcrest > Hillcrest Road > Kspca/Marist Lane > Don Bosco Church > Karen Hospital > Ndege Road > Mazzoldi House > Karen Road-Lang'Ata Road Junction,Bomas-Karen Hospital-Karen,50000002412
33DC,,Doni,Kobil,14,Donholm,Doni > Caltex > Kware > Tumaini > Meatland > Stage Mpya > Fedha > Pipeline > Chemist > Spinners > Rounda > Transami > Kitindo > Kobil,Donholm-Rounda-Carbanas,40700003311
33DP,,Muthurwa,Rounda,21,Muthurwa,Muthurwa > City Stadium Stage > Shauri Moyo > Maziwa > Rikana > Church Army > Posta > Uchumi Jogoo Road > Hamza > Tom Mboya Hall > Doni > Caltex > Kware > Tumaini > Meatland > Stage Mpya > Fedha > Pipeline > Chemist > Spinners > Rounda,Muthurwa-Donholm-Pipeline,40100003311
33NG,,St.Peters Clavers Primary School/Salvation Army/Otc,Ngumo Market,8,Racecourse Road,St.Peters Clavers Primary School/Salvation Army/Otc > Nairobi Area Police Traffic Headquarters > Kenyatta National Hospital > Kenyatta Market > Sunview Estate > Newa Estate > Golf Course Phase 2 > Ngumo Market,Racecourse Road-Ngong Road-KNH-Ngumo,70000203311
33SB,,Ngumo Stage,South B Stage,9,Ngumo,Ngumo Stage > Highrise > Total/Strathmore > Madaraka Flyover > Discount > Mosque > South B Shopping Centre > Our Lady Of Mercy > South B Stage,Ngumo-Highrise-Nairobi West-Couth C-South B,70101013301
33TP,,Commercial,Transami,16,Commercial,Commercial > Nyayo > The Office > Capital Centre > Belleview > Park Side Towers > Panari > Standard Group > Sameer > GM > Imara Daima > Cabanas > Cabanas > Kobil > Kitindo > Transami,Commercial-Mombasa Road-Taj Mall-Pipeline,50701003311
3738,,Soko,Quickmart,21,Rounder,Soko > Kwa Mbao > Wamwaris > Senior > Total > Aic Church > Tononoka > Joada > Maili Saba > Saika > Saika Junction > Saika > Kayole Junction > Twisters > Njiru > Chokaa > Tuskys > By Pass > Welkim > Dune > Quickmart,Rounda-Saika-Ruai,30603373812
110AK,,Devki,Kitengela,11,Devki Athiriver,Devki > Sokoni/Pauline > KMC > Starsheik > Sulami/Nyambura > Makadara > Vanillas > Village > EPZ > Tosha > Kitengela,Athi River-Makadara-Kitengela,50901011012
126RK,,Kware,Kiserian Terminus,14,Kiserian Town,Kware > Nairobi Womens > Olerai > Laiser Hill > Exciting > Acacia > Adventist University > Nkoroi White House > Kanisani/Pcea > Rimpa > Nalepo > Kiserian Girls/Kwa Maji > Kiserian Market > Kiserian Terminus,Ongata Rongai-Nkoroi-Kiserian,50205012601
16/62,,Bus Station Terminal,Kanisani,30,Bus station,Bus Station Terminal > Kariokor > Pangani Girls > Mamba Petro Station > Mlango > St Teresa > Albadr > Mathare Worship > BH > Agip > Number 10 > Thayo > Kwa Chief > Base > Flats > Johnsaga > Rounder > Soko > Kwa Mbao > Wamwaris > Senior > Total > Aic Church > Tononoka > Joada > Maili Saba > Junction-Komarock Road N Kangundo > Phase 4 > Rounda > Kanisani,Bus Station-Rounda-Dandora-Kayole,30600186211
17Aky,,Eastleigh Terminal,Kayole 1,41,Eastleigh,Eastleigh Terminal > St Teresa > Albadr > Mathare Worship > BH > Agip > Number 10 > Thayo > Kwa Chief > Base > Flats > Johnsaga > Rounder > Rounda > Mayaka > Total > Bridge > Caltex > Umoja Junction > Charina > Junction > Peacock > Olomboni Junction > Kwa Chief > Umoja 2 > Kayole Spine Junction > Nasra Estate > Bee Centre > Masimba > Masimba > Nyama Villa > Kwa D.O > Rocks > Rocks > Pcea > Kanisani > Kanisani > Tushauriane > Step 1 > Calvary > Kayole 1,EastLeigh-Rounda-Umoja 2-Kayole,30600017A11
17B_2,,Roysambu Terminus,Mwiki,17,Roysambu,Roysambu Terminus > Equity > Grand Point > Danamark Flats > Seasons > Seasons > Stimmer Corner > Martanet > Huntas > Sunton > Sunton > Kwa Miti > Garage > Maji Mazuri > Kwa Mlima > Kwa Mlima > Mwiki,Roysambu-Sunton-Kasarani-Mwiki,21200017B12
1961K,,Ladhes Road/Otc,Diesel,38,Kayole,Ladhes Road/Otc > City Stadium Stage > Shauri Moyo > Maziwa > Rikana > Church Army > Posta > Uchumi Jogoo Road > Hamza > Tom Mboya Hall > Doni > Caltex > Kisumu Ndogo > Kisumu Ndogo > Savanna > Savanna > Green Field > Green Field > Harambee Sacco > Phase 5 > Tuskys Green Span > Tuskys Green Span > Jacaranda > Jacaranda > Green Span Estate > Bee Centre > Masimba > Masimba > Nyama Villa > Kwa D.O > Nyando > Prime Rose > Rasta > Maria > Sabasaba > Kwa Chief > Goa Kayole Church > Diesel,Landhies Road-Jogoo Road-Jacaranda-Kayole,40702196111
19Cdc,,Ronald Ngala/Tuskys,Mkanju Court,43,Town,Ronald Ngala/Tuskys > City Stadium Stage > Shauri Moyo > Maziwa > Rikana > Church Army > Posta > Uchumi Jogoo Road > Hamza > Tom Mboya Hall > Umoja Stage > Mtindwa > Caltex > Umoja Junction > Umoja 3 > Bee Centre > Masimba > Masimba > Nyama Villa > Kwa D.O > Rocks > Rocks > Infill A > Phase 3A > Phase 3A > Bumps > Phase 3B > Phase 4/Car Wash > View Park > Infill B > Infill B > Sector 3B > Rounda > Phase1  Market > Phase1  Market > Mvinje Court > Mukokoa Court > Msisi Court > Mbuyu Court > Msaponi Court > Msaponi Court > Mkanju Court > Mkanju Court,Ambassadeur-Jogoo Road-Donholm-Caltex-Komarocks,40705019C11
19Cjk,,Ambassadeur,Mkanju Court,53,Ambassadeur,Ambassadeur > City Stadium Stage > Shauri Moyo > Maziwa > Rikana > Church Army > Posta > Uchumi Jogoo Road > Hamza > Tom Mboya Hall > Doni > Caltex > Kisumu Ndogo > Kisumu Ndogo > Savanna > Savanna > Green Field > Green Field > Harambee Sacco > Phase 5 > Tuskys Green Span > Tuskys Green Span > Jacaranda > Jacaranda > Green Span Estate > Bee Centre > Masimba > Masimba > Nyama Villa > Kwa D.O > Rocks > Rocks > Infill A > Phase 3A > Phase 3A > Bumps > Phase 3B > Phase 4/Car Wash > View Park > Infill B > Infill B > Sector 3B > Rounda > Phase1  Market > Phase1  Market > Mvinje Court > Mukokoa Court > Msisi Court > Mbuyu Court > Msaponi Court > Msaponi Court > Mkanju Court > Mkanju Court,Ambassadeur-Donholm-Jacaranda-Komarocks,40702019C11
33FED,,Commercial,Posta Embakasi Village,22,Commercial,Commercial > Nyayo > The Office > Capital Centre > Belleview > Park Side Towers > Panari > Standard Group > Sameer > GM > Imara Daima > Cabanas > Kobil > Kitindo > Transami > Rounda/Taj > Tuskys > Embakasi Village > Gate A > Gate A > Gate D > Posta Embakasi Village,Commercial-Cabanas-Tuskys-Village-Gate A-Posta,50702003311
33GTB,,Commercial,Gate B,20,Commercial,Commercial > City Stadium Stage > Shauri Moyo > Maziwa > Rikana > Church Army > Posta > Uchumi Jogoo Road > Hamza > Tom Mboya Hall > Doni > Caltex > Kware > Tumaini > Meatland > Stage Mpya > Fedha Junction > Fedha Estate > Carwash > Gate B,Accra Road-Jogoo Road-Donholm-Fedha-Gate B,40701003311
33IMR,,Commercial Imara,Imara Daima,11,Commercial,Commercial Imara > Nyayo > The Office > Capital Centre > Belleview > Park Side Towers > Panari > Standard Group > Sameer > GM > Imara Daima,Commercial-Belleview-Imara Daima,50600003311
33MKR,,Bus Station,Maziwa,12,Commercial,Bus Station > Nyayo > The Office > Capital Centre > Belleview > Park Side Towers > Panari > Standard Group > Sameer > GM > Imara Daima > Maziwa,Bus Station-Mombasa Road-Imara Daima-St.Bakhita,50600033A11
33UTW,,Ambassadeur,Githunguri,29,Ambassadeur,Ambassadeur > Nyayo > The Office > Capital Centre > Belleview > Park Side Towers > Panari > Standard Group > Sameer > GM > Imara Daima > Cabanas > Kobil > Kitindo > Transami > Roundabout > Nyayo Barracks > Baracks > China > G.S.U > Mihang'O > A.P > Kwa Chief > Amani > Benedicta > Kwa Stone > Shopping Mall > Elshadai > Githunguri,Utawala-Ambassadeur,50700003311
35/60,,Tuskys Ronald Ngala,Umoja Market,15,Tusker,Tuskys Ronald Ngala > City Stadium Stage > Shauri Moyo > Maziwa > Rikana > Church Army > Posta > Uchumi Jogoo Road > Hamza > Tom Mboya Hall > Umoja Stage > Mutindwa > Mutindwa > Umoja 1 > Umoja Market,Town-Donholm-Umoja,40704356011
38/39,,Muthurwa,Quickmart,29,Muthurwa,Muthurwa > City Stadium Stage > Shauri Moyo > Maziwa > Rikana > Church Army > Posta > Uchumi Jogoo Road > Hamza > Tom Mboya Hall > Umoja Stage > Mtindwa > Caltex > Umoja Junction > Umoja 3 > Mama Lucy > Supa Loaf > Koma Junction > Saika Junction > Saika > Kayole Junction > Twisters > Njiru > Chokaa > Tuskys > By Pass > Welkim > Dune > Quickmart,Town-Donholm-Njiru-Ruai,40705383911
70/71,,Muthurwa,Donholm,16,Muthurwa,Muthurwa > City Stadium Stage > Shauri Moyo > Maziwa > Rikana > Church Army > Likoni > Kie > Viwandani > Houes Of Manji > Mamba > Mareba > Tuskys > Sinai > Crescent > Donholm,Muthurwa-Likoni-Sinai-Lunga Lunga,40301707111
110ATH,,Easy Coach/Uchumi,Makadara,37,Railways Uchumi,Easy Coach/Uchumi > Nyayo > The Office > Capital Centre > Belleview > Park Side Towers > Panari > Standard Group > Sameer > GM > Imara Daima > Cabanas > Tuffsteel > Airport Junction > Nice N Lovely > Kapa > Mabati > Nation > Nation > Syokimau > Allpack > Allpack > Tops/Stage Ya Juu > Mlolongo > Petma/Mlolongo Chini > Mjengo > Sabaki > Toll > Toll > Namanga Junction > 39 > Devki > Sokoni/Pauline > KMC > Starsheik > Sulami/Nyambura > Makadara,Railways-Mombasa Road-Devki-Makadara,50901011011
1961Kd,,Caltex,Diesel,27,Donholm,Caltex > Kisumu Ndogo > Kisumu Ndogo > Savanna > Savanna > Green Field > Green Field > Harambee Sacco > Phase 5 > Tuskys Green Span > Tuskys Green Span > Jacaranda > Jacaranda > Green Span Estate > Bee Centre > Masimba > Masimba > Nyama Villa > Kwa D.O > Nyando > Prime Rose > Rasta > Maria > Sabasaba > Kwa Chief > Goa Kayole Church > Diesel,Caltex Donholm-Jacaranda-Kayole,40702196112
3560_2,,Umoja Stage,Umoja 2 Terminus,15,Donholm,Umoja Stage > Mutindwa > Mutindwa > Umoja 1 > Umoja Market > Umoja Dispensary > Kapsoit Road Junction > G > H > Plan B > Junction > Peacock > Olomboni Junction > Kwa Chief > Umoja 2 Terminus,Donholm-Mutindwa-Umoja 2,40704356001
100,kiambu_road,Githunguri Terminal,Kiambu Bus Terminus,28,Kaka,Githunguri Terminal > Ngara Stage > Starehe Divisional Police Station > Pangani > Muthaiga > Kenya Forestry Service Station/Kfs Karura Gate > Cid > Shark'S Palace > Rock City > Wanderjoy > Ridgeway Springs > Nakumatt Ridgeways > Runda Junction > Githogoro > Kwaheri Flyover > Evergreen > Kasarini > Kasarini Stage > Thindigwa > Mushroom > Barua > Kist > Kist > Kirigiti Junction > Kwa DO > Kcb Kiambu > Kamindi Supermarket > Kiambu Bus Terminus,O.T.C-Pangani-Muthaiga Roundabout-Kiambu Road-Kiambu Institute-Kiambu,20100010011
120,kiambu_road,Githunguri Terminal,Githunguri Terminal,33,Kaka,Githunguri Terminal > Makutano > Jamaica > Njino > Ngemwa Police Post > Ting'ang'a > Nduberi Factory > Ndumberi > Kiambuu Posta > Kwa Ahindi > Kwa Do/Kiambu-Limuru Road Junction/Red Nova > Kirigiti > Kist > 5 Star Estate > Mushroom > Thindigwa > Diamond Flats > Brentwood Hotel > Balkan Sec School > Kwaheri Flyover > Githogoro > Runda Junction > Nakumatt Ridgeways > Ridgeway Springs > Wonderjoy > Rock City > Shark'S Palace > Cid > Muthaiga Golf Club Entrance > Muthaiga Golf Club Stage > Supermambo > Tss Petrol Station/Blue Hut Hotel > Githunguri Terminal,Kaka-Pangani-Muthaiga Roundabout-Kiambu Road-Kiambu Institute-Kiambu-Githunguri,20100012011
121,kiambu_road,Githunguri Terminal,Ndumberi,26,Kaka,Githunguri Terminal > Kariokor > Pangani > Muthaiga > Kenya Forestry Service Station/Kfs Karura Gate > Cid > Shark'S Palace > Rock City > Wanderjoy > Ridgeway Springs > Nakumatt Ridgeways > Runda Junction > Githogoro > Kwaheri Flyover > Evergreen > Kasarini > Kasarini Stage > Thindigwa > Mushroom > Barua > Kist > Kist > Kirigiti Junction > Kwa DO > Kiambuu Posta > Ndumberi, Kaka-Pangani-Muthaiga Roundabout-Kiambu Road-Kiambu Institute-Kiambu-Ndumberi,20100012111
100A,kiambu_road,Ngara Bus Terminals,Kiambu Hospital,24,Ngara,Ngara Bus Terminals > Pangani > Muthaiga > Kenya Forestry Service Station/Kfs Karura Gate > Cid > Shark'S Palace > Rock City > Wanderjoy > Ridgeway Springs > Nakumatt Ridgeways > Runda Junction > Githogoro > Kwaheri Flyover > Evergreen > Kasarini > Kasarini Stage > Thindigwa > Mushroom > Barua > Kist > Kist > Kirigiti Junction > Kwa DO > Kiambu Hospital,Ngara-Pangani-Muthaiga Roundabout-Kiambu Road-Kiambu Institute-Kiambu Hospital,20100100A11
25,thika_road,Odeon Terminal,Baba Ndogo Terminal,17,Odeon,Odeon Terminal > Koja > Ngara > Kie/Pioneer > Pangani > Muthaiga > Nys Stage > Kca > Drive In > Dawa Pharmacutical > Corner > Ruaraka Corner > Bleria > Bilco > Babandogo Catho > Baba Ndogo Primary > Baba Ndogo Terminal,Odeon-Pangani-Alssops-Baba Dogo,20801002511
43,thika_road,Bus Station,Ngumba Terminal,13,Bus Station,Bus Station > 19/60 Stage > Kariokor > Pangani > Muthaiga > Nys Stage > Kca > Drive In > Allsops > Allsops > Homeland In > Shell > Ngumba Terminal,Bus Station-Pangani-Alssops-Ngumba,20901043011
49,thika_road,Odeon Terminals,Sunton,28,Odeon,Odeon Terminals > Koja > Ngara > Kie/Pioneer > Pangani > Muthaiga > Nys Stage > Kca > Drive In > Allsops > Allsops > Homeland In > Stadium > Roysabu > Regional Centre > Police Post > Naivas > Naivas > Metro > Equity > Grand Point > Danamark Flats > Seasons > Seasons > Stimmer Corner > Martanet > Huntas > Sunton,Odeon-Pangani-Roysabu-Kasarani-Sunton,21000004911
145,thika_road,Main Stage,Ruiru,24,Tusker,Main Stage > Kariokor > Pangani > Muthaiga > Nys Stage > Kca > Drive In > Allsops > Allsops > Homeland In > Stadium > Roysabu > Githurai > Gihurai > Githurai > Kahawa > Kware > Kware > KU > Clay Works > By Pass > Kihunguro > Kihunguro > Ruiru,Munyu Road-Pangani-Roysabu-Githurai-KU-Ruiru,20000145011
17B,thika_road,Bus Station,Mwiki,35,Bus Station,Bus Station > Bus Station > 19/60 Stage > Kariokor > Pangani > Muthaiga > Nys Stage > Kca > Drive In > Allsops > Allsops > Homeland In > Stadium > Roysabu > Regional Centre > Police Post > Naivas > Naivas > Metro > Equity > Grand Point > Danamark Flats > Seasons > Seasons > Stimmer Corner > Martanet > Huntas > Sunton > Sunton > Kwa Miti > Garage > Maji Mazuri > Kwa Mlima > Kwa Mlima > Mwiki,Bus Station-Pangani-Roysambu-Kasarani-Mwiki,21000017B11
237,thika_road,Townterminal,Thika Town,36,Tusker,Townterminal > Pangani > Muthaiga > Nys Stage > Kca > Drive In > Allsops > Allsops > Homeland In > Stadium > Roysabu > Githurai > Gihurai > Githurai > Kahawa > Kware > Kware > KU > Clay Works > By Pass > Kihunguro > Kihunguro > Ruiru Fly Over > Kwa Kairu > Kimbo > Kenyata Road Stage > Juja Stage > Jkuat Main Gate Stage > Sewage Stage > High Point > Mang'U > Past Mang'U > Petro Ststin > Kwa Junction > Tuskeys > Thika Town,Munyu Road-Pangani-Roysabu-Githurai-KU-Ruiru-Juja-Thika,20000237011
25A,thika_road,25A Terminal,Lucky Summer Terminal,26,Odeon,25A Terminal > Koja > Ngara > Kie/Pioneer > Pangani > Muthaiga > Nys Stage > Kca > Drive In > Alsops > Dawa Pharmacutical > Corner > Ruaraka Corner > Bleria > Bilco > Babandogo Catho > Baba Ndogo Primary > Baba Ndogo Terminal > Gathecha > Kenya Power > The Baptist Chapel > Timba Junior Academy > Mosque > Aic Lucky Summer > House Of Faith Ministry > Lucky Summer Terminal,Odeon-Pangani-Alssops-Baba Dogo-Lucky Summer,20801025A11
44G,thika_road,Main Stage,Main Stage,31,Odeon,Main Stage > Koja > Ngara > Kie/Pioneer > Pangani > Muthaiga > Nys Stage > Kca > Drive In > Allsops > Allsops > Homeland In > Stadium > Roysabu > Roysabu > Supreme > Royal > Gospel Church > Base > Base > Car Wash > Leesta Supermarket > Car Wash > Jacarada > Jacarada > Sikiliza > Karura > Mahiga Prima > West Plaza > Kenol Petro Station > Main Stage,Odeon-Pangani-Roysambu-Githurai-Ku,21100004411
44Z,thika_road,Main Stage,Main Stage,23,Odeon,Main Stage > Koja > Ngara > Kie/Pioneer > Pangani > Muthaiga > Nys Stage > Kca > Drive In > Allsops > Allsops > Homeland In > Stadium > Roysabu > Roysabu > Supreme > Royal > Gospel Church > Base > Base > Car Wash > Car Wash > Main Stage,Odeon-Pangani-Roysabu-Zimmerman-KU,21100004412
45G,thika_road,Main Stage,Gihurai,13,Tusker,Main Stage > Kariokor > Pangani > Muthaiga > Nys Stage > Kca > Drive In > Allsops > Allsops > Homeland In > Stadium > Roysabu > Gihurai,Munyu Road-Pangani-Roysabu-Githurai,20000004512
45K,thika_road,Main Stage,KU,21,Tusker,Main Stage > Koja > Ngara > Kie/Pioneer > Pangani > Muthaiga > Nys Stage > Kca > Drive In > Allsops > Allsops > Homeland In > Stadium > Roysabu > Githurai > Gihurai > Githurai > Kahawa > Kware > Kware > KU,Munyu Road-Pangani-Roysabu-Githurai-Ku,20000004511
29/30,thika_road,Ngara Bus Terminals,Mathare North Terminal,11,Ngara,Ngara Bus Terminals > Kie/Pioneer > Pangani > Muthaiga > Nys Stage > Kca > Drive In > All Sops > Drive In > Mosque > Mathare North Terminal,Ngara-Pangani-Alssops-Drive in-Mathare,20701293011
