pto_no,sacco_clean,route_hints,pto_name_raw,declared_routes,parsed_routes_count
NTSA/RSN-0004,2B,2B,2B TRAVELLERS SACCO LTD,9,9
NTSA/RSN-0007,2KR,105,2KR ROUTE 105 MULTIPURPOSE COOPERATIVE SOCIETY LIMITED,7,7
NTSA/RSN-0008,2KW,,2KW SAVINGS AND CREDIT CO-OPERATIVE SOCIETY LTD,10,10
NTSA/RSN-01907,61 BUS,61,61 BUS LIMITED,3,3
NTSA/RSN-0657,8B,8B,8B SAVINGS AND CREDIT CO-OPERATIVE SOCIETY LTD,5,5
NTSA/RSN/8384,Akilla,,AKILLA  TRANSPORTERS  LIMITED,1,1
NTSA/RSN-01901,Aldana Supreme,,ALDANA SUPREME SERVICES LIMITED,4,4
NTSA/RSN-0023,Aldana,,ALDANA TRAVELLERS SACCO,9,9
NTSA/RSN-7779,Arbab Ventures,,ARBAB VENTURES LIMITED,5,5
NTSA/RSN-0030,Baba Dogo 25,25,BABA DOGO 25 TRAVELLERS SACCO,5,5
NTSA/RSN-0032,Bakaki 101,101,BAKAKI 101 TRAVELLERS SAVINGS AND CREDIT CO-OPERATIVE SOCIETY LIMITED,3,3
NTSA/RSN-0037,Banana Hill Matatu,,BANANA HILL MATATU SACCO LTD,5,5
NTSA/RSN-0039,Benjo( K),,BENJO( K) LTD,5,5
NTSA/RSN-0050,Buruburu 58,58,BURUBURU 58 TRAVELLERS SAVINGS AND CREDIT CO-OPERATIVE SOCIETY LIMITED,6,6
NTSA/RSN-9870,Bybuss Trans,,BYBUSS TRANS LIMITED,8,7
NTSA/RSN-0053,Cbet,,CBET SACCO,9,8
NTSA/RSN-0064,Chania,,CHANIA TRAVELLERS SACCO,22,22
NTSA/RSN-041811,Chelsea,,CHELSEA TRANSPORTERS LIMITED,4,4
NTSA/RSN-5013,Circular Classic Company,,CIRCULAR CLASSIC COMPANY LIMITED,9,9
NTSA/RSN-0069,City Star Shuttle,,city star shuttle limited,28,28
NTSA/RSN-0070,City Tram Shuttle,,CITY TRAM SHUTTLE LIMITED,8,8
NTSA/RSN-0079,Compliant,,COMPLIANT MOA,12,12
NTSA/RSN-0081,Cosy Travel,,COSY TRAVEL LIMITED,6,6
NTSA/RSN-0082,County Link,,COUNTY LINK SAVINGS AND CREDIT CO-OPERATIVE SOCIETY LTD,7,7
NTSA/RSN-0085,Dabumato,,DABUMATO COMMUTER SERVICE SAVINGS & CREDIT CO-OPERATIVE SOCIETY LTD,4,4
NTSA/RSN-01723,Dakabo,,DAKABO SACCO LIMITED,2,2
NTSA/RSN-0087,Dakika,,DAKIKA MATATU OWNERS SACCO,8,8
NTSA/RSN-0088,Dandora Usafiri,,DANDORA USAFIRI TRAVELLERS SACCO,17,17
NTSA/RSN-6534,Digital Luxury,,DIGITAL LUXURY TRAVELLERS LIMITED,5,5
NTSA/RSN-0092,Dix-hult,,DIX-HULT MATATU OWNER SACCO,4,4
NTSA/RSN/9253,Domann Enterprises,,DOMANN ENTERPRISES,3,3
NTSA/RSN-01859,Drepeja Route,,DREPEJA ROUTE LIMITED,4,4
NTSA/RSN-02051,Eastern Bypass Safaris,,EASTERN BYPASS SAFARIS LTD,1,1
NTSA/RSN-0095,Eastern Bypass,,EASTERN BYPASS SAVINGS AND CREDIT CO-OPERATIVE SOCIETY LIMITED,19,19
NTSA/RSN-0096,Eastern Bypass Traverlers Investment CO,,eastern bypass traverlers investment co. limited,27,27
NTSA/RSN-2808,Eastern Kubamba,,EASTERN KUBAMBA LIMITED,11,11
NTSA/RSN-0097,Eastlands Eagles,,EASTLANDS EAGLES LIMITED,6,6
NTSA/RSN-0098,Eastleigh Commuter,,EASTLEIGH COMMUTER SERVICES LIMITED,5,5
NTSA/RSN-0099,Eastleigh Route,,EASTLEIGH ROUTE SACCO,4,4
NTSA/RSN-0102,Ecosa,,ECOSA TRAVELLERS SACCO,12,12
NTSA/RSN-0113,Eleventh Hour Transport,,ELEVENTH HOUR TRANSPORT SACCO,5,5
NTSA/RSN-0151,Emaar City BUS,,EMAAR CITY BUS LIMITED,11,11
NTSA/RSN-0115,Embassava,,EMBASSAVA COOPERATIVE SAVINGS AND CREDIT SOCIETY LTD,23,23
NTSA/RSN-01756,Expreso,,EXPRESO LIMITED,17,17
NTSA/RSN-0122,Express Connections,,EXPRESS CONNECTIONS LTD,14,14
NTSA/RSN-0127,Fastrack United AND Credit,,FASTRACK UNITED AND CREDIT COOPERATIVE SOCIETY,3,3
NTSA/RSN-0129,FIG Komba,,FIG KOMBA,6,6
NTSA/RSN-7695,FIG Prestige Management Company,,FIG PRESTIGE MANAGEMENT COMPANY LIMITED,4,4
NTSA/RSN-01899,Five Friends Investment Company,,FIVE FRIENDS INVESTMENT COMPANY LIMITED,6,6
NTSA/RSN-0134,Forward Travellers,,FORWARD TRAVELLERS SACCO LTD,40,40
NTSA/RSN-0136,Fourty Four Owners Company,,FOURTY FOUR OWNERS COMPANY LIMITED,9,9
NTSA/RSN-8282,Garamu Travel Solutions,,GARAMU TRAVEL SOLUTIONS LIMITED,4,4
NTSA/RSN-0146,Gatanga Shuttle,,GATANGA SHUTTLE LIMITED,6,6
NTSA/RSN-0147,Gatanga,,GATANGA TRAVELLERS SAVINGS AND CREDIT CO-OPERATIVE SOCIETY LTD,5,5
NTSA/RSN-0148,Gathima,,GATHIMA TRAVELLERS SAVINGS AND CREDIT CO-OPERATIVE SOCIETY.,4,3
NTSA/RSN-7402,Geobeat Maoka,,GEOBEAT MAOKA TRAVELLERS LIMITED,6,6
NTSA/RSN-01728,Gikaki Society,,GIKAKI SACCO SOCIETY LIMITED,5,5
NTSA/RSN/8047,Gikakuru,,GIKAKURU TRAVELLERS SACCO,2,2
NTSA/RSN-1626,Gikimwi Bypass Transporters,,GIKIMWI BYPASS TRANSPORTERS SACCO,3,3
NTSA/RSN-0152,Ginyali,,GINYALI COOPERATIVE SAVINGS & CREDIT SOCIETY LTD,8,8
NTSA/RSN-0153,Githiga,,GITHIGA TRAVELLERS SACCO,10,10
NTSA/RSN-0154,Githurai 45,45,GITHURAI 45 SACCO,9,9
NTSA/RSN-1824,Giwa,,GIWA SAVINGS AND CREDIT COOPERATIVE SOCIETY LIMITED,2,2
NTSA/RSN-8143,GMK,,GMK SACCO LIMITED,5,5
NTSA/RSN-02023,Gucha Express,,GUCHA EXPRESS LIMITED,2,2
NTSA/RSN-02052,Hannover Swift Trans,,HANNOVER SWIFT TRANS LIMITED,4,4
NTSA/RSN-0165,Highrise Kibera,,HIGHRISE KIBERA SACCO,3,3
NTSA/RSN-0166,Highway,,HIGHWAY TRAVELLERS LIMITED,2,2
NTSA/RSN-0169,Home,,HOME SACCO LIMITED,8,8
NTSA/RSN-0172,Huruma Mini-bus,,HURUMA MINI-BUS SACCO LTD,4,4
NTSA/RSN-0174,Inagi,,Inagi Travellers Sacco,4,4
NTSA/RSN-0176,Indima (nje),,INDIMA (NJE) SACCO,17,17
NTSA/RSN-01742,Indo Star,,INDO STAR SACCO,4,4
NTSA/RSN-5041,Integrity Intercity,,INTEGRITY INTERCITY LIMITED,3,3
NTSA/RSN-0177,Inter Counties,,INTER COUNTIES TRAVELLERS SACCO,3,3
NTSA/RSN-0715,Inter-county,,INTER-COUNTY TRAVELLERS SACCO,2,2
NTSA/RSN-0181,Iska Investments Company,,ISKA INVESTMENTS COMPANY LTD.,5,5
NTSA/RSN-0183,Ithanga,,ITHANGA TRAVELLERS SACCO,2,2
NTSA/RSN-0184,Jesmat Co-oprative,,JESMAT TRAVELLERS CO-OPRATIVE,5,5
NTSA/RSN-0185,Jonsaga Flats,,JONSAGA FLATS SACCO,9,9
NTSA/RSN-2074,Juja Athi,,JUJA ATHI TRAVELLERS SACCO.,3,3
NTSA/RSN/6973,Jupiterline Investments Capital,,JUPITERLINE INVESTMENTS CAPITAL LIMITED,3,3
NTSA/RSN-01730,Kadana,,KADANA TRAVELLERS SAVINGS AND CREDIT CO-OPERATIVE SOCIETY LIMITED,6,6
NTSA/RSN-0193,Kaka,,KAKA TRAVELLERS SACCO LIMITED,6,4
NTSA/RSN-0197,KAM Transporters,,KAM TRANSPORTERS SACCO LTD,15,15
NTSA/RSN-0203,Kandara South (k.s.t),,KANDARA SOUTH TRAVELLERS SACCO (K.S.T),5,5
NTSA/RSN-0208,Kangemi,,KANGEMI MATATU OWNERS SACCO,7,7
NTSA/RSN-0209,Kani Transport,,KANI TRANSPORT SAVINGS AND CREDIT CO-OPERATIVE SOCIETY LIMITED,9,9
NTSA/RSN-0215,Kariobangi,,KARIOBANGI MATATU OWNERS SAVINGS AND CREDIT CO-OPERATIVE SOCIETY LIMITED,14,14
NTSA/RSN-0217,Karuri Commuters Services Savings AND Credit Co-opertaive Society,,KARURI COMMUTERS SERVICES SAVINGS AND CREDIT CO-OPERTAIVE SOCIETY LIMITED,13,13
NTSA/RSN-0223,Kawangware Matatu,,KAWANGWARE MATATU SAVINGS AND CREDIT CO-OPERATIVE SOCIETY LIMITED,2,2
NTSA/RSN-0224,Kayo-line Group Company,,kayo-line group company limited,6,6
NTSA/RSN-0228,KBS,,KENYA BUS SERVICE MANAGEMENT LIMITED,24,23
NTSA/RSN-0231,Kiambu Marafiki,,KIAMBU MARAFIKI SACCO LTD,6,6
NTSA/RSN-2613,Kiambu United,,KIAMBU UNITED TRAVELLERS SACCO LIMITED,1,1
NTSA/RSN-0233,Kibera Bureti,,KIBERA BURETI SACCO,10,10
NTSA/RSN-0234,Kibera,,KIBERA MATATU OWNERS COOPERATIVE SAVINGS AND CREDIT SOCIETY LIMITED,8,8
NTSA/RSN-0236,Kidagi,,KIDAGI SACCO,4,4
NTSA/RSN-0244,Killeton Commuters Services Savings AND Credit Cooperative,,KILLETON COMMUTERS SERVICES SAVINGS AND CREDIT COOPERATIVE LTD,8,8
NTSA/RSN-0247,Kimma,,KIMMA SAVINGS AND CREDIT CO-OPERATIVE SOCIETY LIMITED,18,18
NTSA/RSN-0255,Kiragi,,KIRAGI TRAVELLERS SAVINGS AND CREDIT CO-OPERATIVE SOCIETY LIMITED,6,6
NTSA/RSN-0269,Kiwaliru,,KIWALIRU SAVINGS AND CREDIT CO-OPERATIVE SOCIETY LIMITED,10,10
NTSA/RSN-0271,Kizali,,KIZALI TRAVELLERS LIMITED,12,12
NTSA/RSN-0277,Ksmt,,KSMT SACCO LTD,5,5
NTSA/RSN-0285,Lankana Society,,LANKANA SACCO SOCIETY LIMITED,4,4
NTSA/RSN-0286,Latema Sacco,22,LATEMA 22 TRAVELLERS SACCO,11,11
NTSA/RSN-01898,Libera Impex,,LIBERA IMPEX LIMITED,19,17
NTSA/RSN-0288,Likambu Matatu,,LIKAMBU MATATU SAVINGS AND CREDIT CO-OPERATIVE SOCIETY LIMITED,5,5
NTSA/RSN-0293,Lira Line Society,,LIRA LINE SACCO SOCIETY LTD,7,7
NTSA/RSN-0294,Lopha,,LOPHA MULTIPURPOSE CO-OPERATIVE SOCIETY,16,16
NTSA/RSN-01900,Lothian Transporters,,LOTHIAN TRANSPORTERS,6,6
NTSA/RSN-0296,Lucky Baba Dogo,,LUCKY BABA DOGO TRAVELLERS LIMITED,7,7
NTSA/RSN-0297,Lucky Transporters Company,,LUCKY TRANSPORTERS COMPANY,13,13
NTSA/RSN-0298,Luminous Shuttles,,LUMINOUS SHUTTLES LIMITED,10,10
NTSA/RSN-0302,Madiwa,,MADIWA MATATU OWNERS SACCO,8,7
NTSA/RSN-02001,Mambigi,,MAMBIGI SERVICES LIMITED,3,3
NTSA/RSN-02005,Manama,,MANAMA TRAVELLERS LIMITED,2,2
NTSA/RSN-0319,Manchester Coach,,MANCHESTER TRAVELLERS COACH LIMITED,12,12
NTSA/RSN-0321,Manmo,,MANMO SACCO,5,5
NTSA/RSN-01743,Maruti T.r.r,,MARUTI T.R.R SACCO,4,4
NTSA/RSN-0327,MAT TWO Friends,,mat two friends limited,8,8
NTSA/RSN-02009,Matatu Crew Association,,MATATU CREW ASSOCIATION SACCO,4,4
NTSA/RSN-0705,Maverous Shuttle,,MAVEROUS SHUTTLE LIMITED,6,6
NTSA/RSN-02000,Meruit Logistics,,MERUIT LOGISTICS LIMITED,6,6
NTSA/RSN-0345,Metrotrans East Africa,,METROTRANS EAST AFRICA LIMITED,23,23
NTSA/RSN-0353,MNK Society,,MNK SACCO SOCIETY LTD,9,9
NTSA/RSN-0372,Moonlight Coach CO,,moonlight coach co. limited,1,1
NTSA/RSN-02026,Msafi,,MSAFI TRAVELLERS LIMITED,3,2
NTSA/RSN-0393,Mwamba,,MWAMBA TRAVELLERS SACCO,5,5
NTSA/RSN-4282,Mwanzo Mpya Shuttles,,MWANZO MPYA SHUTTLES LIMITED,1,1
NTSA/RSN-0394,Mwiki PSV Society,,MWIKI PSV SACCO SOCIETY LIMITED,13,13
NTSA/RSN-0397,Mwirona,,MWIRONA SACCO LTD,3,3
NTSA/RSN-0399,Naboka,,NABOKA TRAVELLERS SACCO,5,5
NTSA/RSN-0401,Nagiru 145,145,NAGIRU 145 SACCO,5,5
NTSA/RSN-01798,Nailepu,,Nailepu Travellers Sacco,5,5
NTSA/RSN-0409,Nakam Society,,NAKAM SACCO SOCIETY LIMITED,7,7
NTSA/RSN-0410,Nakamata,,NAKAMATA SAVINGS AND CREDIT COOPERATIVE SOCIETY LTD,14,14
NTSA/RSN-0412,Nakaski Transort Savings Credit,,NAKASKI TRANSORT SAVINGS CREDIT SACCO LTD,8,8
NTSA/RSN-0413,Nakathi,,NAKATHI TRAVELLERS SACCO LIMITED,12,12
NTSA/RSN-0414,Nakili,,NAKILI SAVINGS AND CREDIT CO-OPERATIVE SOCIETY LTD,9,9
NTSA/RSN-0782,Nakinduka Matatu,,NAKINDUKA MATATU SAVINGS AND CREDIT COOPERATIVE SOCIETY LIMITED,2,2
NTSA/RSN-0423,Nakwe Society,,NAKWE TRAVELLERS SACCO SOCIETY LTD,4,4
NTSA/RSN-0435,Nangkis Matatu,,NANGKIS MATATU SACCO,15,15
NTSA/RSN-0442,Nawaku,,NAWAKU SACCO,8,8
NTSA/RSN-01896,Nawaku,,NAWAKU TRAVELLERS LIMITED,3,3
NTSA/RSN-0443,Nawasuku,,NAWASUKU SACCO,6,6
NTSA/RSN-0444,Nazigi,,NAZIGI SACCO LIMITED,19,19
NTSA/RSN-0445,Neema Agency,,NEEMA TRAVELLERS AGENCY LIMITED,17,17
NTSA/RSN-0448,NEO Kenya Mpya Commuters,,NEO KENYA MPYA COMMUTERS LIMITED,9,9
NTSA/RSN-0455,Ngokana,,NGOKANA SAVINGS AND CREDIT COOPERATIVE SOCIETY,4,4
NTSA/RSN-0456,Ngong,,NGONG TRAVELLERS SACCO,10,10
NTSA/RSN-0457,Ngumo-line,,NGUMO-LINE SAVINGS AND CREDIT CO-OPERATIVE SOCIETY LIMITED,6,6
NTSA/RSN-1112,Nicco Movers,,NICCO MOVERS LIMITED,6,7
NTSA/RSN-0464,Nkikan Society,,NKIKAN SACCO SOCIETY LIMITED,8,8
NTSA/RSN-0495,Obamana,,OBAMANA TRAVELLERS SACCO,6,6
NTSA/RSN-0499,Ongata Line,,ONGATA LINE TRANSPORTERS LIMITED,3,3
NTSA/RSN-0500,Ongata Rongai BUS Services,,ongata rongai bus services,6,6
NTSA/RSN-0501,Orokise,,OROKISE SACCO LTD,11,11
NTSA/RSN-0502,Oromats Society,,OROMATS SACCO SOCIETY LTD,13,13
NTSA/RSN-0503,Outer Circle,,OUTER CIRCLE SACCO,6,6
NTSA/RSN-0504,Outreach Travel,,OUTREACH TRAVEL,8,8
NTSA/RSN-0506,Pakin Alicia Society,,PAKIN ALICIA SACCO SOCIETY LTD,14,14
NTSA/RSN-01749,Pals Matatu,,PALS MATATU SAVINGS AND CREDIT CO-OPERATIVE SOCIETY LIMITED,2,2
NTSA/RSN-3487,Peja,,peja travellers limited,3,3
NTSA/RSN-0508,Pejo Tech Company,,PEJO TECH COMPANY LTD,4,4
NTSA/RSN-0510,Pinpoint Solution (k),,PINPOINT SOLUTION (K) LTD,11,11
NTSA/RSN-0513,Prime Transcity,,prime  transcity limited,14,14
NTSA/RSN-0516,QUE Services,,QUE SERVICES SAVINGS AND CREDIT CO-OPERATIVE SOCIETY LTD,8,8
NTSA/RSN-02043,RAJ Safaris,,RAJ SAFARIS LIMITED,3,3
NTSA/RSN-4328,Rasasi,,rasasi travellers limited,5,5
NTSA/RSN-0523,Rembo Shuttle Savings AND Credit,,REMBO SHUTTLE SAVINGS AND CREDIT SACCO LTD,14,14
NTSA/RSN-1912,Risen Company,,RISEN COMPANY LIMITED,10,10
NTSA/RSN-0527,ROG,,ROG TRAVELLERS SAVINGS AND CREDIT COOPERATIVE SOCIETY LTD,11,11
NTSA/RSN-0529,Rongao Saving AND Credit,,RONGAO SAVING AND CREDIT COOPERATIVE SOCIETY LIMITED,10,10
NTSA/RSN-0532,Royal Swift Express,,ROYAL SWIFT EXPRESS LIMITED,7,7
NTSA/RSN-0533,Rukagina 44,44,RUKAGINA 44 SACCO,8,8
NTSA/RSN-0534,Rukine Savings AND Credit Co-operatve Society,,RUKINE TRAVELLERS SAVINGS AND CREDIT CO-OPERATVE SOCIETY LIMITED,6,6
NTSA/RSN-0536,Runka Services,,RUNKA SERVICES COOPERATIVE SAVINGS AND CREDIT SOCIETY LTD,8,8
NTSA/RSN-0537,Rwaken Investments,,RWAKEN INVESTMENTS LIMITED,6,6
NTSA/RSN-02025,Rware,,RWARE TRAVELLERS SACCO,2,2
NTSA/RSN-4063,Safeline Matatu Socco Society,,SAFELINE MATATU SOCCO SOCIETY LIMITED,3,3
NTSA/RSN-02033,Salty Bizada Investment,,SALTY BIZADA INVESTMENT LIMITED,3,3
NTSA/RSN-02042,Salty Investments,,SALTY INVESTMENTS LIMITED,3,3
NTSA/RSN-6455,Salty Supporters Investment,,SALTY SUPPORTERS INVESTMENT LIMITED,5,4
NTSA/RSN-0547,Serian,,SERIAN SAVINGS AND CREDIT CO-OPERATIVE SOCIETY LTD,11,11
NTSA/RSN-0548,Seven City Shuttle,,seven city shuttle limited,2,2
NTSA/RSN-01767,Single Line,,SINGLE LINE SERVICES LIMITED,4,4
NTSA/RSN-1900,Smoke City,,SMOKE CITY SACCO LIMITED,4,4
NTSA/RSN-0563,Snowball Society,,SNOWBALL SACCO SOCIETY LTD,8,8
NTSA/RSN-019122,Sony Classic Shuttle East Africa,,SONY CLASSIC SHUTTLE EAST AFRICA LIMITED,3,3
NTSA/RSN-0566,South B Society,,SOUTH B MATATU OWNERS SACCO SOCIETY LTD,6,6
NTSA/RSN-02030,Southleigh S,,SOUTHLEIGH S LIMITED,3,3
NTSA/RSN-8117,Southleigh,,SOUTHLEIGH SAVINGS AND CREDIT COOPERATIVE SOCIETY LIMITED,3,3
NTSA/RSN-5361,Sowetamu,,SOWETAMU TRAVELLERS SACCO,5,5
NTSA/RSN-0572,St. Marys Transport Society,,ST. MARYS TRANSPORT SACCO SOCIETY,9,9
NTSA/RSN-0573,Stahito Commuter Services CO,,STAHITO  COMMUTER  SERVICES CO. LIMITED,7,7
NTSA/RSN-0574,Starbus Company (k),,STARBUS COMPANY (K) LTD,11,11
NTSA/RSN-01754,Summa Transporters,,SUMMA TRANSPORTERS SACCO LIMITED,2,2
NTSA/RSN-0579,Sunbird Services,,SUNBIRD SERVICES LTD,7,7
NTSA/RSN-0580,Super Highway 45 Society,45,SUPER HIGHWAY 45 SACCO SOCIETY LTD,9,9
NTSA/RSN-0581,Super Metro,,SUPER METRO LIMITED,12,12
NTSA/RSN-0322,Super Tram,,SUPER TRAM LIMITED,7,7
NTSA/RSN-01355,Surmount Shuttle,,SURMOUNT SHUTTLE LIMITED,2,2
NTSA/RSN-0592,Tawala Shuttle,,tawala shuttle limited,4,4
NTSA/RSN-01725,Telaviv,,TELAVIV TRAVELLERS LIMITED,9,9
NTSA/RSN-0605,Thomat Savings AND Credit Copperative Society,,THOMAT SAVINGS AND CREDIT COPPERATIVE SOCIETY LIMITED,9,9
NTSA/RSN-01757,Tikagi,,TIKAGI SAVINGS AND CREDIT COOPERATIVE SOCIETY LIMITED,6,6
NTSA/RSN-0610,Transnomics Company,,TRANSNOMICS COMPANY LIMITED,5,5
NTSA/RSN-01718,Transworld Transport,,TRANSWORLD TRANSPORT SAVINGS AND CREDIT CO-OPERATIVE SOCIETY LTD,7,7
NTSA/RSN-0613,Travel Mart,,TRAVEL MART LIMITED,3,3
NTSA/RSN-01750,Ukakina Society,,UKAKINA MATATU OWNERS SACCO SOCIETY LTD,1,1
NTSA/RSN-5948,Ummoinner Class,,UMMOINNER CLASS LIMITED,4,3
NTSA/RSN-0620,Umoinner,,UMOINNER SACCO LTD,12,12
NTSA/RSN-0621,Umoja Innercore Tena,,UMOJA INNERCORE TENA MATATU OWNERS SAVINGS AND CREDIT CO-OPERATIVE SOCIETY LTD,6,6
NTSA/RSN-0623,Unified International,,UNIFIED INTERNATIONAL LIMITED,9,9
NTSA/RSN-1901,Unimax Classic,,UNIMAX CLASSIC TRAVELLERS SACCO,4,4
NTSA/RSN-0625,Utawala By-pass,,UTAWALA BY-PASS TRAVELLERS SACCO,8,8
NTSA/RSN-01745,Virginia Coach Enterprise,,VIRGINIA COACH ENTERPRISE LIMITED,3,3
NTSA/RSN-0632,Wakimali CO,,WAKIMALI TRAVELLERS CO. LIMITED,10,10
NTSA/RSN-0633,Walokana,,WALOKANA MULTIPURPOSE CO-OPERATIVE SOCIETY LTD,5,5
NTSA/RSN-02044,Wanjo Patrames Travel Company,,WANJO PATRAMES TRAVEL COMPANY LIMITED,3,3
NTSA/RSN-0716,Welkan 48 Society,48,WELKAN 48 TRAVELLERS SACCO SOCIETY LTD,3,3
NTSA/RSN-02057,Welkan,,WELKAN TRAVELLERS SERVICES LIMITED,2,2
NTSA/RSN-0641,West Madaraka Route 14 Cooperative,14,WEST MADARAKA ROUTE 14 COOPERATIVE SACCO.,4,4
NTSA/RSN-2704,ZAM ZAM Fourty Five,,zam zam fourty five limited,8,8
NTSA/RSN-0655,Zuri Genesis,,ZURI GENESIS CO. LIMITED,7,7
