pto_no,pto_name,declared_routes,parsed_routes_count
NTSA/RSN-0004,2B TRAVELLERS SACCO LTD,9,9
NTSA/RSN-0007,2KR ROUTE 105 MULTIPURPOSE COOPERATIVE SOCIETY LIMITED,7,7
NTSA/RSN-0008,2KW SAVINGS AND CREDIT CO-OPERATIVE SOCIETY LTD,10,10
NTSA/RSN-01907,61 BUS LIMITED,3,3
NTSA/RSN-0657,8B SAVINGS AND CREDIT CO-OPERATIVE SOCIETY LTD,5,5
NTSA/RSN/8384,AKILLA  TRANSPORTERS  LIMITED,1,1
NTSA/RSN-01901,ALDANA SUPREME SERVICES LIMITED,4,4
NTSA/RSN-0023,ALDANA TRAVELLERS SACCO,9,9
NTSA/RSN-7779,ARBAB VENTURES LIMITED,5,5
NTSA/RSN-0030,BABA DOGO 25 TRAVELLERS SACCO,5,5
NTSA/RSN-0032,BAKAKI 101 TRAVELLERS SAVINGS AND CREDIT CO-OPERATIVE SOCIETY LIMITED,3,3
NTSA/RSN-0037,BANANA HILL MATATU SACCO LTD,5,5
NTSA/RSN-0039,BENJO( K) LTD,5,5
NTSA/RSN-0050,BURUBURU 58 TRAVELLERS SAVINGS AND CREDIT CO-OPERATIVE SOCIETY LIMITED,6,6
NTSA/RSN-9870,BYBUSS TRANS LIMITED,8,7
NTSA/RSN-0053,CBET SACCO,9,8
NTSA/RSN-0064,CHANIA TRAVELLERS SACCO,22,22
NTSA/RSN-041811,CHELSEA TRANSPORTERS LIMITED,4,4
NTSA/RSN-5013,CIRCULAR CLASSIC COMPANY LIMITED,9,9
NTSA/RSN-0069,city star shuttle limited,28,28
NTSA/RSN-0070,CITY TRAM SHUTTLE LIMITED,8,8
NTSA/RSN-0079,COMPLIANT MOA,12,12
NTSA/RSN-0081,COSY TRAVEL LIMITED,6,6
NTSA/RSN-0082,COUNTY LINK SAVINGS AND CREDIT CO-OPERATIVE SOCIETY LTD,7,7
NTSA/RSN-0085,DABUMATO COMMUTER SERVICE SAVINGS & CREDIT CO-OPERATIVE SOCIETY LTD,4,4
NTSA/RSN-01723,DAKABO SACCO LIMITED,2,2
NTSA/RSN-0087,DAKIKA MATATU OWNERS SACCO,8,8
NTSA/RSN-0088,DANDORA USAFIRI TRAVELLERS SACCO,17,17
NTSA/RSN-6534,DIGITAL LUXURY TRAVELLERS LIMITED,5,5
NTSA/RSN-0092,DIX-HULT MATATU OWNER SACCO,4,4
NTSA/RSN/9253,DOMANN ENTERPRISES,3,3
NTSA/RSN-01859,DREPEJA ROUTE LIMITED,4,4
NTSA/RSN-02051,EASTERN BYPASS SAFARIS LTD,1,1
NTSA/RSN-0095,EASTERN BYPASS SAVINGS AND CREDIT CO-OPERATIVE SOCIETY LIMITED,19,19
NTSA/RSN-0096,eastern bypass traverlers investment co. limited,27,27
NTSA/RSN-2808,EASTERN KUBAMBA LIMITED,11,11
NTSA/RSN-0097,EASTLANDS EAGLES LIMITED,6,6
NTSA/RSN-0098,EASTLEIGH COMMUTER SERVICES LIMITED,5,5
NTSA/RSN-0099,EASTLEIGH ROUTE SACCO,4,4
NTSA/RSN-0102,ECOSA TRAVELLERS SACCO,12,12
NTSA/RSN-0113,ELEVENTH HOUR TRANSPORT SACCO,5,5
NTSA/RSN-0151,EMAAR CITY BUS LIMITED,11,11
NTSA/RSN-0115,EMBASSAVA COOPERATIVE SAVINGS AND CREDIT SOCIETY LTD,23,23
NTSA/RSN-01756,EXPRESO LIMITED,17,17
NTSA/RSN-0122,EXPRESS CONNECTIONS LTD,14,14
NTSA/RSN-0127,FASTRACK UNITED AND CREDIT COOPERATIVE SOCIETY,3,3
NTSA/RSN-0129,FIG KOMBA,6,6
NTSA/RSN-7695,FIG PRESTIGE MANAGEMENT COMPANY LIMITED,4,4
NTSA/RSN-01899,FIVE FRIENDS INVESTMENT COMPANY LIMITED,6,6
NTSA/RSN-0134,FORWARD TRAVELLERS SACCO LTD,40,40
NTSA/RSN-0136,FOURTY FOUR OWNERS COMPANY LIMITED,9,9
NTSA/RSN-8282,GARAMU TRAVEL SOLUTIONS LIMITED,4,4
NTSA/RSN-0146,GATANGA SHUTTLE LIMITED,6,6
NTSA/RSN-0147,GATANGA TRAVELLERS SAVINGS AND CREDIT CO-OPERATIVE SOCIETY LTD,5,5
NTSA/RSN-0148,GATHIMA TRAVELLERS SAVINGS AND CREDIT CO-OPERATIVE SOCIETY.,4,3
NTSA/RSN-7402,GEOBEAT MAOKA TRAVELLERS LIMITED,6,6
NTSA/RSN-01728,GIKAKI SACCO SOCIETY LIMITED,5,5
NTSA/RSN/8047,GIKAKURU TRAVELLERS SACCO,2,2
NTSA/RSN-1626,GIKIMWI BYPASS TRANSPORTERS SACCO,3,3
NTSA/RSN-0152,GINYALI COOPERATIVE SAVINGS & CREDIT SOCIETY LTD,8,8
NTSA/RSN-0153,GITHIGA TRAVELLERS SACCO,10,10
NTSA/RSN-0154,GITHURAI 45 SACCO,9,9
NTSA/RSN-1824,GIWA SAVINGS AND CREDIT COOPERATIVE SOCIETY LIMITED,2,2
NTSA/RSN-8143,GMK SACCO LIMITED,5,5
NTSA/RSN-02023,GUCHA EXPRESS LIMITED,2,2
NTSA/RSN-02052,HANNOVER SWIFT TRANS LIMITED,4,4
NTSA/RSN-0165,HIGHRISE KIBERA SACCO,3,3
NTSA/RSN-0166,HIGHWAY TRAVELLERS LIMITED,2,2
NTSA/RSN-0169,HOME SACCO LIMITED,8,8
NTSA/RSN-0172,HURUMA MINI-BUS SACCO LTD,4,4
NTSA/RSN-0174,Inagi Travellers Sacco,4,4
NTSA/RSN-0176,INDIMA (NJE) SACCO,17,17
NTSA/RSN-01742,INDO STAR SACCO,4,4
NTSA/RSN-5041,INTEGRITY INTERCITY LIMITED,3,3
NTSA/RSN-0177,INTER COUNTIES TRAVELLERS SACCO,3,3
NTSA/RSN-0715,INTER-COUNTY TRAVELLERS SACCO,2,2
NTSA/RSN-0181,ISKA INVESTMENTS COMPANY LTD.,5,5
NTSA/RSN-0183,ITHANGA TRAVELLERS SACCO,2,2
NTSA/RSN-0184,JESMAT TRAVELLERS CO-OPRATIVE,5,5
NTSA/RSN-0185,JONSAGA FLATS SACCO,9,9
NTSA/RSN-2074,JUJA ATHI TRAVELLERS SACCO.,3,3
NTSA/RSN/6973,JUPITERLINE INVESTMENTS CAPITAL LIMITED,3,3
NTSA/RSN-01730,KADANA TRAVELLERS SAVINGS AND CREDIT CO-OPERATIVE SOCIETY LIMITED,6,6
NTSA/RSN-0193,KAKA TRAVELLERS SACCO LIMITED,6,4
NTSA/RSN-0197,KAM TRANSPORTERS SACCO LTD,15,15
NTSA/RSN-0203,KANDARA SOUTH TRAVELLERS SACCO (K.S.T),5,5
NTSA/RSN-0208,KANGEMI MATATU OWNERS SACCO,7,7
NTSA/RSN-0209,KANI TRANSPORT SAVINGS AND CREDIT CO-OPERATIVE SOCIETY LIMITED,9,9
NTSA/RSN-0215,KARIOBANGI MATATU OWNERS SAVINGS AND CREDIT CO-OPERATIVE SOCIETY LIMITED,14,14
NTSA/RSN-0217,KARURI COMMUTERS SERVICES SAVINGS AND CREDIT CO-OPERTAIVE SOCIETY LIMITED,13,13
NTSA/RSN-0223,KAWANGWARE MATATU SAVINGS AND CREDIT CO-OPERATIVE SOCIETY LIMITED,2,2
NTSA/RSN-0224,kayo-line group company limited,6,6
NTSA/RSN-0228,KENYA BUS SERVICE MANAGEMENT LIMITED,24,23
NTSA/RSN-0231,KIAMBU MARAFIKI SACCO LTD,6,6
NTSA/RSN-2613,KIAMBU UNITED TRAVELLERS SACCO LIMITED,1,1
NTSA/RSN-0233,KIBERA BURETI SACCO,10,10
NTSA/RSN-0234,KIBERA MATATU OWNERS COOPERATIVE SAVINGS AND CREDIT SOCIETY LIMITED,8,8
NTSA/RSN-0236,KIDAGI SACCO,4,4
NTSA/RSN-0244,KILLETON COMMUTERS SERVICES SAVINGS AND CREDIT COOPERATIVE LTD,8,8
NTSA/RSN-0247,KIMMA SAVINGS AND CREDIT CO-OPERATIVE SOCIETY LIMITED,18,18
NTSA/RSN-0255,KIRAGI TRAVELLERS SAVINGS AND CREDIT CO-OPERATIVE SOCIETY LIMITED,6,6
NTSA/RSN-0269,KIWALIRU SAVINGS AND CREDIT CO-OPERATIVE SOCIETY LIMITED,10,10
NTSA/RSN-0271,KIZALI TRAVELLERS LIMITED,12,12
NTSA/RSN-0277,KSMT SACCO LTD,5,5
NTSA/RSN-0285,LANKANA SACCO SOCIETY LIMITED,4,4
NTSA/RSN-0286,LATEMA 22 TRAVELLERS SACCO,11,11
NTSA/RSN-01898,LIBERA IMPEX LIMITED,19,17
NTSA/RSN-0288,LIKAMBU MATATU SAVINGS AND CREDIT CO-OPERATIVE SOCIETY LIMITED,5,5
NTSA/RSN-0293,LIRA LINE SACCO SOCIETY LTD,7,7
NTSA/RSN-0294,LOPHA MULTIPURPOSE CO-OPERATIVE SOCIETY,16,16
NTSA/RSN-01900,LOTHIAN TRANSPORTERS,6,6
NTSA/RSN-0296,LUCKY BABA DOGO TRAVELLERS LIMITED,7,7
NTSA/RSN-0297,LUCKY TRANSPORTERS COMPANY,13,13
NTSA/RSN-0298,LUMINOUS SHUTTLES LIMITED,10,10
NTSA/RSN-0302,MADIWA MATATU OWNERS SACCO,8,7
NTSA/RSN-02001,MAMBIGI SERVICES LIMITED,3,3
NTSA/RSN-02005,MANAMA TRAVELLERS LIMITED,2,2
NTSA/RSN-0319,MANCHESTER TRAVELLERS COACH LIMITED,12,12
NTSA/RSN-0321,MANMO SACCO,5,5
NTSA/RSN-01743,MARUTI T.R.R SACCO,4,4
NTSA/RSN-0327,mat two friends limited,8,8
NTSA/RSN-02009,MATATU CREW ASSOCIATION SACCO,4,4
NTSA/RSN-0705,MAVEROUS SHUTTLE LIMITED,6,6
NTSA/RSN-02000,MERUIT LOGISTICS LIMITED,6,6
NTSA/RSN-0345,METROTRANS EAST AFRICA LIMITED,23,23
NTSA/RSN-0353,MNK SACCO SOCIETY LTD,9,9
NTSA/RSN-0372,moonlight coach co. limited,1,1
NTSA/RSN-02026,MSAFI TRAVELLERS LIMITED,3,2
NTSA/RSN-0393,MWAMBA TRAVELLERS SACCO,5,5
NTSA/RSN-4282,MWANZO MPYA SHUTTLES LIMITED,1,1
NTSA/RSN-0394,MWIKI PSV SACCO SOCIETY LIMITED,13,13
NTSA/RSN-0397,MWIRONA SACCO LTD,3,3
NTSA/RSN-0399,NABOKA TRAVELLERS SACCO,5,5
NTSA/RSN-0401,NAGIRU 145 SACCO,5,5
NTSA/RSN-01798,Nailepu Travellers Sacco,5,5
NTSA/RSN-0409,NAKAM SACCO SOCIETY LIMITED,7,7
NTSA/RSN-0410,NAKAMATA SAVINGS AND CREDIT COOPERATIVE SOCIETY LTD,14,14
NTSA/RSN-0412,NAKASKI TRANSORT SAVINGS CREDIT SACCO LTD,8,8
NTSA/RSN-0413,NAKATHI TRAVELLERS SACCO LIMITED,12,12
NTSA/RSN-0414,NAKILI SAVINGS AND CREDIT CO-OPERATIVE SOCIETY LTD,9,9
NTSA/RSN-0782,NAKINDUKA MATATU SAVINGS AND CREDIT COOPERATIVE SOCIETY LIMITED,2,2
NTSA/RSN-0423,NAKWE TRAVELLERS SACCO SOCIETY LTD,4,4
NTSA/RSN-0435,NANGKIS MATATU SACCO,15,15
NTSA/RSN-0442,NAWAKU SACCO,8,8
NTSA/RSN-01896,NAWAKU TRAVELLERS LIMITED,3,3
NTSA/RSN-0443,NAWASUKU SACCO,6,6
NTSA/RSN-0444,NAZIGI SACCO LIMITED,19,19
NTSA/RSN-0445,NEEMA TRAVELLERS AGENCY LIMITED,17,17
NTSA/RSN-0448,NEO KENYA MPYA COMMUTERS LIMITED,9,9
NTSA/RSN-0455,NGOKANA SAVINGS AND CREDIT COOPERATIVE SOCIETY,4,4
NTSA/RSN-0456,NGONG TRAVELLERS SACCO,10,10
NTSA/RSN-0457,NGUMO-LINE SAVINGS AND CREDIT CO-OPERATIVE SOCIETY LIMITED,6,6
NTSA/RSN-1112,NICCO MOVERS LIMITED,6,7
NTSA/RSN-0464,NKIKAN SACCO SOCIETY LIMITED,8,8
NTSA/RSN-0495,OBAMANA TRAVELLERS SACCO,6,6
NTSA/RSN-0499,ONGATA LINE TRANSPORTERS LIMITED,3,3
NTSA/RSN-0500,ongata rongai bus services,6,6
NTSA/RSN-0501,OROKISE SACCO LTD,11,11
NTSA/RSN-0502,OROMATS SACCO SOCIETY LTD,13,13
NTSA/RSN-0503,OUTER CIRCLE SACCO,6,6
NTSA/RSN-0504,OUTREACH TRAVEL,8,8
NTSA/RSN-0506,PAKIN ALICIA SACCO SOCIETY LTD,14,14
NTSA/RSN-01749,PALS MATATU SAVINGS AND CREDIT CO-OPERATIVE SOCIETY LIMITED,2,2
NTSA/RSN-3487,peja travellers limited,3,3
NTSA/RSN-3487,peja travellers limited,3,3
NTSA/RSN-0508,PEJO TECH COMPANY LTD,4,4
NTSA/RSN-0510,PINPOINT SOLUTION (K) LTD,11,11
NTSA/RSN-0513,prime  transcity limited,14,14
NTSA/RSN-0516,QUE SERVICES SAVINGS AND CREDIT CO-OPERATIVE SOCIETY LTD,8,8
NTSA/RSN-02043,RAJ SAFARIS LIMITED,3,3
NTSA/RSN-4328,rasasi travellers limited,5,5
NTSA/RSN-0523,REMBO SHUTTLE SAVINGS AND CREDIT SACCO LTD,14,14
NTSA/RSN-1912,RISEN COMPANY LIMITED,10,10
NTSA/RSN-0527,ROG TRAVELLERS SAVINGS AND CREDIT COOPERATIVE SOCIETY LTD,11,11
NTSA/RSN-0529,RONGAO SAVING AND CREDIT COOPERATIVE SOCIETY LIMITED,10,10
NTSA/RSN-0532,ROYAL SWIFT EXPRESS LIMITED,7,7
NTSA/RSN-0533,RUKAGINA 44 SACCO,8,8
NTSA/RSN-0534,RUKINE TRAVELLERS SAVINGS AND CREDIT CO-OPERATVE SOCIETY LIMITED,6,6
NTSA/RSN-0536,RUNKA SERVICES COOPERATIVE SAVINGS AND CREDIT SOCIETY LTD,8,8
NTSA/RSN-0537,RWAKEN INVESTMENTS LIMITED,6,6
NTSA/RSN-02025,RWARE TRAVELLERS SACCO,2,2
NTSA/RSN-4063,SAFELINE MATATU SOCCO SOCIETY LIMITED,3,3
NTSA/RSN-02033,SALTY BIZADA INVESTMENT LIMITED,3,3
NTSA/RSN-02042,SALTY INVESTMENTS LIMITED,3,3
NTSA/RSN-6455,SALTY SUPPORTERS INVESTMENT LIMITED,5,4
NTSA/RSN-0547,SERIAN SAVINGS AND CREDIT CO-OPERATIVE SOCIETY LTD,11,11
NTSA/RSN-0548,seven city shuttle limited,2,2
NTSA/RSN-01767,SINGLE LINE SERVICES LIMITED,4,4
NTSA/RSN-1900,SMOKE CITY SACCO LIMITED,4,4
NTSA/RSN-0563,SNOWBALL SACCO SOCIETY LTD,8,8
NTSA/RSN-019122,SONY CLASSIC SHUTTLE EAST AFRICA LIMITED,3,3
NTSA/RSN-019122,SONY CLASSIC SHUTTLE EAST AFRICA LIMITED,3,3
NTSA/RSN-0566,SOUTH B MATATU OWNERS SACCO SOCIETY LTD,6,6
NTSA/RSN-02030,SOUTHLEIGH S LIMITED,3,3
NTSA/RSN-8117,SOUTHLEIGH SAVINGS AND CREDIT COOPERATIVE SOCIETY LIMITED,3,3
NTSA/RSN-5361,SOWETAMU TRAVELLERS SACCO,5,5
NTSA/RSN-0572,ST. MARYS TRANSPORT SACCO SOCIETY,9,9
NTSA/RSN-0573,STAHITO  COMMUTER  SERVICES CO. LIMITED,7,7
NTSA/RSN-0574,STARBUS COMPANY (K) LTD,11,11
NTSA/RSN-01754,SUMMA TRANSPORTERS SACCO LIMITED,2,2
NTSA/RSN-0579,SUNBIRD SERVICES LTD,7,7
NTSA/RSN-0580,SUPER HIGHWAY 45 SACCO SOCIETY LTD,9,9
NTSA/RSN-0581,SUPER METRO LIMITED,12,12
NTSA/RSN-0322,SUPER TRAM LIMITED,7,7
NTSA/RSN-01355,SURMOUNT SHUTTLE LIMITED,2,2
NTSA/RSN-0592,tawala shuttle limited,4,4
NTSA/RSN-01725,TELAVIV TRAVELLERS LIMITED,9,9
NTSA/RSN-0605,THOMAT SAVINGS AND CREDIT COPPERATIVE SOCIETY LIMITED,9,9
NTSA/RSN-01757,TIKAGI SAVINGS AND CREDIT COOPERATIVE SOCIETY LIMITED,6,6
NTSA/RSN-0610,TRANSNOMICS COMPANY LIMITED,5,5
NTSA/RSN-01718,TRANSWORLD TRANSPORT SAVINGS AND CREDIT CO-OPERATIVE SOCIETY LTD,7,7
NTSA/RSN-0613,TRAVEL MART LIMITED,3,3
NTSA/RSN-01750,UKAKINA MATATU OWNERS SACCO SOCIETY LTD,1,1
NTSA/RSN-5948,UMMOINNER CLASS LIMITED,4,3
NTSA/RSN-0620,UMOINNER SACCO LTD,12,12
NTSA/RSN-0621,UMOJA INNERCORE TENA MATATU OWNERS SAVINGS AND CREDIT CO-OPERATIVE SOCIETY LTD,6,6
NTSA/RSN-0623,UNIFIED INTERNATIONAL LIMITED,9,9
NTSA/RSN-1901,UNIMAX CLASSIC TRAVELLERS SACCO,4,4
NTSA/RSN-0625,UTAWALA BY-PASS TRAVELLERS SACCO,8,8
NTSA/RSN-01745,VIRGINIA COACH ENTERPRISE LIMITED,3,3
NTSA/RSN-0632,WAKIMALI TRAVELLERS CO. LIMITED,10,10
NTSA/RSN-0633,WALOKANA MULTIPURPOSE CO-OPERATIVE SOCIETY LTD,5,5
NTSA/RSN-02044,WANJO PATRAMES TRAVEL COMPANY LIMITED,3,3
NTSA/RSN-0716,WELKAN 48 TRAVELLERS SACCO SOCIETY LTD,3,3
NTSA/RSN-02057,WELKAN TRAVELLERS SERVICES LIMITED,2,2
NTSA/RSN-0641,WEST MADARAKA ROUTE 14 COOPERATIVE SACCO.,4,4
NTSA/RSN-2704,zam zam fourty five limited,8,8
NTSA/RSN-0655,ZURI GENESIS CO. LIMITED,7,7
