route_number,description,corridor,status,permit_hits,saccos_mapped,terminals_identified
1,Karen-Karinde-Dagoretti Market,,UNMAPPED,0,,
2,Railways-Ngong Road-Kawangware-Dagoretti Market,ngong_road,MAPPED,58,2B; Garamu Travel Solutions; Pakin Alicia Society; Unified International; Expreso; Kadana; Kibera Bureti; Nangkis Matatu; RAJ Safaris; 2KW; Dakika; KBS; Kibera; Kiragi; MAT TWO Friends; Wakimali CO; Fastrack United AND Credit; Karuri Commuters Services Savings AND Credit Co-opertaive Society; Killeton Commuters Services Savings AND Credit Cooperative; Lira Line Society; Lothian Transporters; Matatu Crew Association; Ngokana; Pals Matatu; Rasasi; Serian; Snowball Society,Bus Station; Fig Tree; Gikomba; Kencom; Knh; Koja; Muthurwa; Odeon; Railways
5,Town-Kenyatta-Adams-Jamhuri,ngong_road,MAPPED,9,City Star Shuttle; KBS; Lothian Transporters; Luminous Shuttles; Risen Company; St. Marys Transport Society,Bus Station; Commercial; Kencom; Knh; Odeon; Otc; Railways
6,Koja-Pangani Flyover-Guru Nanak-Pangani Girls High School-Mlango-Eastleigh,,UNMAPPED,0,,
7,Town-Kariokor DC-Gikomba,,UNMAPPED,0,,
8,Railways-Ngong Road-Kibera,ngong_road,MAPPED,12,Kibera Bureti; Kibera; Kiragi; RAJ Safaris; Garamu Travel Solutions; Ngong; Serian; Snowball Society,Gikomba; Kencom; Knh; Odeon; Railways
10,Muthurwa-Makadara-Maringo,kangundo_road,MAPPED,23,Geobeat Maoka; 61 BUS; Eastern Bypass; Kani Transport; MNK Society; Benjo( K); Dandora Usafiri; Kibera Bureti; Ngumo-line; Outer Circle; Pejo Tech Company; Pinpoint Solution (k); Southleigh S; Stahito Commuter Services CO; Umoja Innercore Tena,Bus Station; Commercial; Fig Tree; Gikomba; Knh; Muthurwa; Otc; Railways
11,Bus Station-Industrial Area-South B-Hazina,,MAPPED,35,Indima (nje); Risen Company; Telaviv; Nakamata; Stahito Commuter Services CO; Arbab Ventures; KAM Transporters; South B Society; County Link; Eastern Bypass Traverlers Investment CO,Bus Station; Commercial; Gikomba; Kencom; Knh; Muthurwa; Odeon; Otc; Railways
14,Ronald Ngala-Juja Road-Eastleigh-Huruma-Kariobangi,,MAPPED,50,Kariobangi; Neema Agency; Ecosa; Jonsaga Flats; Risen Company; Aldana; Dandora Usafiri; Eastern Bypass Traverlers Investment CO; Five Friends Investment Company; Pejo Tech Company; QUE Services; Salty Bizada Investment; Ummoinner Class; 8B; Aldana Supreme; FIG Prestige Management Company; Githurai 45; Jesmat Co-oprative; Madiwa; Nicco Movers,Bus Station; Commercial; Fig Tree; Gikomba; Kencom; Knh; Muthurwa; Odeon; Otc
15,Bus Station-Nyayo Stadium-Wilson-Langata,langata_road,MAPPED,3,Rasasi; Risen Company; Tawala Shuttle,Bus Station; Commercial; Kencom; Knh; Odeon; Otc
16,Bus Station-Nyayo Stadium-T Mall-Highrise,langata_road,MAPPED,2,KBS; Rasasi,Bus Station
20,Mama Lucy Hospital-Kayole-Njiru-Mwiki,,UNMAPPED,0,,
24,Ambassadeur-Nyayo Stadium-Bomas-Hardy-Karen,ngong_road,MAPPED,48,KBS; City Star Shuttle; Express Connections; Unified International; Rasasi; Super Metro; Expreso; Lothian Transporters; Luminous Shuttles; Nangkis Matatu; Ngong; Wanjo Patrames Travel Company; Kibera Bureti; Kiragi; Lankana Society; Ngokana; Risen Company; St. Marys Transport Society; Wakimali CO,Bus Station; Commercial; Fig Tree; Gikomba; Kencom; Knh; Muthurwa; Odeon; Otc; Railways
25,Odeon-Pangani-Alssops-Baba Dogo,thika_road,MAPPED,9,Baba Dogo 25; Lopha,Fig Tree; Gikomba; Odeon
26,Makadara-Harambee-Outering-Kariobangi,,MAPPED,2,Drepeja Route,Otc
28,Gikomba-Eastleigh-Huruma-Kariobangi,,MAPPED,8,Neema Agency; 8B; FIG Prestige Management Company; Jesmat Co-oprative; Madiwa,Commercial; Fig Tree; Gikomba; Muthurwa; Otc
30,Odeon-Westlands-Kangemi-Uthiru,,MAPPED,23,Kangemi; Killeton Commuters Services Savings AND Credit Cooperative; Latema Sacco; Cosy Travel; Lopha; Starbus Company (k); Digital Luxury,Bus Station; Fig Tree; Knh; Odeon; Railways
36,City Stadium-Buruburu-Kwa Mbao-Dandora,kangundo_road,MAPPED,36,Risen Company; Dandora Usafiri; Eastlands Eagles; Dabumato; Geobeat Maoka; Drepeja Route; Ecosa; MNK Society; 8B; Benjo( K); Eastern Bypass; KBS; Pejo Tech Company; Sowetamu,Bus Station; Commercial; Fig Tree; Gikomba; Kencom; Knh; Muthurwa; Odeon; Otc; Railways
41,Gikomba-Rounda-Dandora,,UNMAPPED,0,,
42,Allsops-Rounda-Dandora,,UNMAPPED,0,,
43,Bus Station-Pangani-Alssops-Ngumba,thika_road,UNMAPPED,0,,
49,Odeon-Pangani-Roysabu-Kasarani-Sunton,thika_road,MAPPED,4,Lopha,Fig Tree; Odeon
53,Roasters-Thome-Maruirui,,UNMAPPED,0,,
56,Town-Yaya-Congo-Kanungaga,,MAPPED,3,Garamu Travel Solutions; Fastrack United AND Credit,Railways
58,Ambassadeur-Jogoo Road-Buruburu,kangundo_road,MAPPED,18,Risen Company; Buruburu 58; Geobeat Maoka; MNK Society; Eastlands Eagles,Commercial; Fig Tree; Kencom; Muthurwa; Odeon; Otc; Railways
69,Muthurwa-Hillocks-GM,,MAPPED,9,Geobeat Maoka; Indima (nje); Kibera Bureti; Ngumo-line; Southleigh S,Commercial; Fig Tree; Gikomba; Knh; Muthurwa; Otc; Railways
100,O.T.C-Pangani-Muthaiga Roundabout-Kiambu Road-Kiambu Institute-Kiambu,kiambu_road,MAPPED,7,Lopha; Githiga; Killeton Commuters Services Savings AND Credit Cooperative; MNK Society,Fig Tree; Odeon
102,Railways-NgongRoad-Kawangware-Kikuyu,ngong_road,MAPPED,70,Pakin Alicia Society; Kadana; Garamu Travel Solutions; MAT TWO Friends; Unified International; Dakika; Expreso; KBS; Kibera Bureti; Nangkis Matatu; RAJ Safaris; Wakimali CO; 2KW; Kibera; Kiragi; Metrotrans East Africa; Bybuss Trans; Fastrack United AND Credit; Karuri Commuters Services Savings AND Credit Co-opertaive Society; Kidagi; Killeton Commuters Services Savings AND Credit Cooperative; Libera Impex; Lira Line Society; Lothian Transporters; Matatu Crew Association; Ngokana; Pals Matatu; Rasasi; Risen Company; Serian; Snowball Society; Sowetamu; Super Metro,Bus Station; Commercial; Fig Tree; Gikomba; Kencom; Knh; Koja; Muthurwa; Odeon; Otc; Railways
103,Dagoretti Market-Uthiru-Kinoo-Wangige,,MAPPED,7,2KW; Wakimali CO; Salty Bizada Investment; Super Metro,Kencom; Knh; Odeon; Otc
105,Odeon-Westlands-Kangemi-Kinoo-Regen-Kikuyu,,MAPPED,33,2KR; Kangemi; Killeton Commuters Services Savings AND Credit Cooperative; Latema Sacco; Cosy Travel; Lopha; Starbus Company (k); Digital Luxury; Nakili; Dakika,Bus Station; Fig Tree; Knh; Odeon; Railways
106,Odeon-UN-Ruaka-Banana,,MAPPED,11,Lopha; Risen Company; KBS; Killeton Commuters Services Savings AND Credit Cooperative; Manmo; Runka Services; St. Marys Transport Society,Bus Station; Commercial; Fig Tree; Kencom; Knh; Odeon; Otc
107,Odeon-UN-Ruaka-Ndenderu,,MAPPED,17,Lopha; Runka Services; Killeton Commuters Services Savings AND Credit Cooperative; Manmo; Meruit Logistics,Commercial; Fig Tree; Odeon
108,UN-New Muthaiga-Gachie-Gichagi,,UNMAPPED,0,,
110,Railways-Mombasa Road-Mlolongo-Kitengela,mombasa_road,MAPPED,22,Nangkis Matatu; Risen Company; Embassava; MNK Society; Rembo Shuttle Savings AND Credit; Gucha Express; Indima (nje); Kiragi; Latema Sacco; Matatu Crew Association; Ngong; Ongata Rongai BUS Services; RAJ Safaris; Snowball Society; Stahito Commuter Services CO,Bus Station; Commercial; Fig Tree; Gikomba; Kencom; Knh; Muthurwa; Odeon; Otc; Railways
111,Railways-Ngong Road-Karen-Ngong,ngong_road,MAPPED,81,Nangkis Matatu; Risen Company; Luminous Shuttles; Ngong; City Star Shuttle; Kadana; KBS; Unified International; Kibera Bureti; Matatu Crew Association; Ngokana; Kibera; Kiragi; Lothian Transporters; Metrotrans East Africa; RAJ Safaris; Rasasi; Wanjo Patrames Travel Company; Eastern Kubamba; Expreso; Express Connections; Fastrack United AND Credit; Garamu Travel Solutions; Lankana Society; Lira Line Society; Pakin Alicia Society; Salty Bizada Investment; Salty Investments; Serian; Snowball Society; Sowetamu; St. Marys Transport Society; Stahito Commuter Services CO; Super Metro; Umoja Innercore Tena,Bus Station; Commercial; Fig Tree; Gikomba; Kencom; Knh; Muthurwa; Odeon; Otc; Railways
115,Koja-Westlands-Kangemi-Limuru,,MAPPED,14,Latema Sacco; Bybuss Trans; Digital Luxury; Kangemi; Cosy Travel; Integrity Intercity; Lopha; Starbus Company (k),Bus Station; Fig Tree; Koja; Odeon; Railways
116,Koja-Ngara-Banana-Limuru,,MAPPED,13,Lopha; Bybuss Trans; Karuri Commuters Services Savings AND Credit Co-opertaive Society; MNK Society; Bakaki 101; KBS; Manmo; St. Marys Transport Society,Bus Station; Commercial; Fig Tree; Koja; Odeon; Railways
118,Koja-Westlands-Kabete-Wangige,,MAPPED,15,Bybuss Trans; Home; Transworld Transport; Walokana; Karuri Commuters Services Savings AND Credit Co-opertaive Society; Risen Company,Bus Station; Commercial; Fig Tree; Kencom; Knh; Koja; Odeon; Otc; Railways
119,Koja-Westgate-Wangige,,MAPPED,18,Bybuss Trans; Home; Lopha; Transworld Transport; Walokana; Karuri Commuters Services Savings AND Credit Co-opertaive Society; Risen Company,Bus Station; Commercial; Fig Tree; Kencom; Knh; Koja; Odeon; Otc; Railways
120,Kaka-Pangani-Muthaiga Roundabout-Kiambu Road-Kiambu Institute-Kiambu-Githunguri,kiambu_road,MAPPED,5,Tikagi; Likambu Matatu; Lopha; Nakinduka Matatu,
121, Kaka-Pangani-Muthaiga Roundabout-Kiambu Road-Kiambu Institute-Kiambu-Ndumberi,kiambu_road,MAPPED,3,Likambu Matatu; Lopha; Nakinduka Matatu,
125,Railways-Langata Road-Bomas-Ongata Rongai,langata_road,MAPPED,87,Orokise; Oromats Society; Serian; Snowball Society; Rongao Saving AND Credit; Eleventh Hour Transport; Ongata Rongai BUS Services; Eastern Kubamba; Emaar City BUS; Lankana Society; Matatu Crew Association; Ngong; Ongata Line; Risen Company; Salty Investments; Expreso; Luminous Shuttles; Super Metro; Wanjo Patrames Travel Company; City Star Shuttle; KBS; Kiragi; Lothian Transporters; Nangkis Matatu; Nkikan Society; Rasasi; St. Marys Transport Society; Stahito Commuter Services CO,Bus Station; Commercial; Gikomba; Kencom; Knh; Muthurwa; Odeon; Otc; Railways
126,Railways-Langata Road-Ongata Rongai-Kiserian,langata_road,MAPPED,110,Orokise; Oromats Society; Rongao Saving AND Credit; Serian; Snowball Society; Eleventh Hour Transport; Nangkis Matatu; City Star Shuttle; Lankana Society; Ongata Rongai BUS Services; Eastern Kubamba; Emaar City BUS; Expreso; KBS; Matatu Crew Association; Ngong; Nkikan Society; Ongata Line; Rasasi; Risen Company; Salty Investments; Super Metro; Luminous Shuttles; Wanjo Patrames Travel Company; Karuri Commuters Services Savings AND Credit Co-opertaive Society; Kiragi; Lothian Transporters; Metrotrans East Africa; RAJ Safaris; St. Marys Transport Society; Stahito Commuter Services CO,Bus Station; Commercial; Gikomba; Kencom; Knh; Koja; Muthurwa; Odeon; Otc; Railways
129,Kikuyu-Magu-Kingeero-Wangige,,UNMAPPED,0,,
135,Kaka-Westlands-Kangemi-Limuru,,MAPPED,11,Latema Sacco; Digital Luxury; Kangemi; Cosy Travel; Lopha; Starbus Company (k),Bus Station; Odeon; Railways
145,Munyu Road-Pangani-Roysabu-Githurai-KU-Ruiru,thika_road,MAPPED,7,Nagiru 145; Nazigi; MNK Society,Fig Tree; Odeon
237,Munyu Road-Pangani-Roysabu-Githurai-KU-Ruiru-Juja-Thika,thika_road,MAPPED,107,Nazigi; Lopha; Jonsaga Flats; Risen Company; Githurai 45; Libera Impex; Rukagina 44; Unified International; Chelsea; Fourty Four Owners Company; Nakathi; Neema Agency; Sunbird Services; Super Tram; Aldana Supreme; Aldana; Eastern Bypass; Embassava; Forward Travellers; MNK Society; Nakaski Transort Savings Credit; Nicco Movers; Salty Bizada Investment; Super Highway 45 Society; Ummoinner Class; Virginia Coach Enterprise; ZAM ZAM Fourty Five; Benjo( K); Circular Classic Company; Dandora Usafiri; Eastern Kubamba; Ecosa; FIG Prestige Management Company; Five Friends Investment Company; Jesmat Co-oprative; Kariobangi; Killeton Commuters Services Savings AND Credit Cooperative; Lothian Transporters; Madiwa; Meruit Logistics; Mwiki PSV Society; Pejo Tech Company; QUE Services; Salty Supporters Investment; Tikagi; Wanjo Patrames Travel Company; Zuri Genesis,Bus Station; Commercial; Fig Tree; Gikomba; Kencom; Knh; Muthurwa; Odeon; Otc
405,City Stadium-Nyayo Stadium,,MAPPED,6,Indima (nje); Ngumo-line; Stahito Commuter Services CO,Bus Station; Knh
1960,OTC-Donholm-Kayole,kangundo_road,MAPPED,33,Risen Company; Geobeat Maoka; Libera Impex; Salty Bizada Investment; MNK Society; Umoinner; Eastlands Eagles; Five Friends Investment Company; Forward Travellers; Kani Transport; Metrotrans East Africa; Prime Transcity; ROG; Southleigh S; Southleigh; Ummoinner Class; Umoja Innercore Tena,Bus Station; Commercial; Fig Tree; Gikomba; Kencom; Knh; Muthurwa; Odeon; Otc; Railways
2030,Allsops-Rounda,,UNMAPPED,0,,
3738,Rounda-Saika-Ruai,kangundo_road,UNMAPPED,0,,
04SK,Ronald Ngala-Jogoo Road-Kangundo Road-Saika-Kayole Junction,kangundo_road,MAPPED,87,Umoinner; Risen Company; City Star Shuttle; City Tram Shuttle; Geobeat Maoka; Forward Travellers; Libera Impex; Neema Agency; Salty Bizada Investment; Southleigh S; Ummoinner Class; Dix-hult; Drepeja Route; Five Friends Investment Company; Jonsaga Flats; MNK Society; Salty Supporters Investment; Umoja Innercore Tena; 61 BUS; Aldana; Dandora Usafiri; Eastlands Eagles; Ecosa; Iska Investments Company; Kani Transport; KBS; Metrotrans East Africa; Nicco Movers; Pinpoint Solution (k); Prime Transcity; ROG; Rukagina 44; Southleigh; St. Marys Transport Society; ZAM ZAM Fourty Five,Bus Station; Commercial; Fig Tree; Gikomba; Kencom; Knh; Muthurwa; Odeon; Otc; Railways
100A,Ngara-Pangani-Muthaiga Roundabout-Kiambu Road-Kiambu Institute-Kiambu Hospital,kiambu_road,MAPPED,10,Lopha; Bybuss Trans; Githiga; MNK Society; Killeton Commuters Services Savings AND Credit Cooperative,Fig Tree; Koja; Odeon
107D,Ruaka-Ruiru,,MAPPED,26,Nazigi; Risen Company; Expreso; Nakathi; Sony Classic Shuttle East Africa; Stahito Commuter Services CO; Chelsea; Circular Classic Company; Gikakuru; Karuri Commuters Services Savings AND Credit Co-opertaive Society; Matatu Crew Association; Meruit Logistics; Nawasuku; Sunbird Services; Tikagi; Zuri Genesis,Bus Station; Commercial; Fig Tree; Gikomba; Kencom; Knh; Koja; Muthurwa; Odeon; Otc; Railways
11_2,Town-Industrial Area-Mater-Railways Training Institute-Balozi-Hazina,,MAPPED,25,Risen Company; County Link; Nakamata; Arbab Ventures; Indima (nje); KAM Transporters; Telaviv; Eastern Bypass Traverlers Investment CO; Ngong; South B Society; Stahito Commuter Services CO,Bus Station; Commercial; Gikomba; Kencom; Knh; Muthurwa; Odeon; Otc; Railways
110AK,Athi River-Makadara-Kitengela,mombasa_road,UNMAPPED,0,,
110ATH,Railways-Mombasa Road-Devki-Makadara,mombasa_road,MAPPED,11,MNK Society; Embassava; Indima (nje); Kiragi; Matatu Crew Association; Nangkis Matatu; Ngong; Risen Company; Snowball Society; Stahito Commuter Services CO,Bus Station; Commercial; Fig Tree; Gikomba; Kencom; Knh; Muthurwa; Odeon; Otc; Railways
114R,Ngara-Rwaka-Ndenderu-Limuru,,MAPPED,14,Lopha; Bybuss Trans; MNK Society; Bakaki 101; Jonsaga Flats; Killeton Commuters Services Savings AND Credit Cooperative; Libera Impex; Manmo,Commercial; Fig Tree; Koja; Odeon; Otc
114W,Ngara-Westlands-Kangemi-Limuru,,MAPPED,23,Digital Luxury; Latema Sacco; Bybuss Trans; Lopha; Kangemi; Libera Impex; Cosy Travel; Jonsaga Flats; Kibera Bureti; Killeton Commuters Services Savings AND Credit Cooperative; Starbus Company (k),Bus Station; Fig Tree; Knh; Koja; Muthurwa; Odeon; Otc; Railways
119A,Town-Westlands-Peponi Road-Spring Valley-ISK-Gathiga,,MAPPED,2,Home; Jonsaga Flats,Fig Tree; Koja; Otc
11A,Odeon-Aga Khan-Highridge,,MAPPED,3,Lopha,Fig Tree; Odeon
11B,Koja-MP Shah-Westlands,,UNMAPPED,0,,
11C,Odeon-Pangani Flyover-Pangani Girls High School-Mlango-Pangani Terminus,,MAPPED,3,Lopha,Fig Tree; Odeon
11F,Odeon-UN-Ruaka,,MAPPED,6,Lopha; Killeton Commuters Services Savings AND Credit Cooperative; Manmo; Runka Services,Commercial; Fig Tree; Odeon
126N,Ngong-Kiserian,,UNMAPPED,0,,
126RK,Ongata Rongai-Nkoroi-Kiserian,langata_road,MAPPED,2,Wanjo Patrames Travel Company,
12C,Bus Station-Red Cross-Mugoya,mombasa_road,MAPPED,1,Libera Impex,Fig Tree
12D,Bus Station-Red Cross-KPA-College Of Insurance-Amboseli,mombasa_road,MAPPED,5,City Star Shuttle; KBS; Libera Impex,Bus Station; Fig Tree; Kencom; Knh
145B,Bypass-Ruiru Ndani-Ruiru,,MAPPED,4,Nagiru 145,
145D,Torrents-Membley-Ruiru,,MAPPED,4,Nagiru 145,
14A,Bus Station-Nairobi West-Madaraka-Strathmore,langata_road,MAPPED,4,West Madaraka Route 14 Cooperative,Bus Station
14B,Bus Station-Nairobi West-TMall,langata_road,MAPPED,4,West Madaraka Route 14 Cooperative,Bus Station
16/62,Bus Station-Rounda-Dandora-Kayole,,MAPPED,16,Risen Company; Forward Travellers; Southleigh S; Benjo( K); Eastern Bypass; Ecosa; Madiwa; Pejo Tech Company; Pinpoint Solution (k); Southleigh,Bus Station; Commercial; Fig Tree; Gikomba; Kencom; Knh; Muthurwa; Odeon; Otc
17A,Rounder-Umoja 2-Kayole,,MAPPED,5,Risen Company,Bus Station; Commercial; Kencom; Knh; Odeon; Otc
17A,EastLeigh-Rounda-Umoja 2-Kayole,,MAPPED,5,Risen Company,Bus Station; Commercial; Kencom; Knh; Odeon; Otc
17B,Bus Station-Pangani-Roysambu-Kasarani-Mwiki,thika_road,UNMAPPED,0,,
17B_2,Roysambu-Sunton-Kasarani-Mwiki,,UNMAPPED,0,,
18C,Eastleigh-Rounda-Dandora-Kayole,,MAPPED,14,Risen Company; Southleigh S; Dix-hult; Ecosa; Embassava; FIG Prestige Management Company; Madiwa; Pinpoint Solution (k); Prime Transcity,Bus Station; Commercial; Fig Tree; Gikomba; Kencom; Knh; Muthurwa; Odeon; Otc
1961K,Landhies Road-Jogoo Road-Jacaranda-Kayole,kangundo_road,MAPPED,20,Risen Company; Geobeat Maoka; Libera Impex; MNK Society; Umoinner; Eastlands Eagles; Forward Travellers; Kani Transport; ROG; Umoja Innercore Tena,Bus Station; Commercial; Fig Tree; Kencom; Knh; Muthurwa; Odeon; Otc
1961Kd,Caltex Donholm-Jacaranda-Kayole,,UNMAPPED,0,,
19C2,Donholm-Caltex-Komarocks,kangundo_road,UNMAPPED,0,,
19C,Ambassadeur-Jogoo Road-Donholm-Caltex-Komarocks,kangundo_road,MAPPED,60,Risen Company; City Star Shuttle; Geobeat Maoka; Umoinner; MNK Society; Salty Bizada Investment; Umoja Innercore Tena; Eastlands Eagles; Hannover Swift Trans; ROG; Ummoinner Class; Metrotrans East Africa,Bus Station; Commercial; Fig Tree; Gikomba; Kencom; Knh; Muthurwa; Odeon; Otc; Railways
19C,Ambassadeur-Donholm-Jacaranda-Komarocks,kangundo_road,MAPPED,60,Risen Company; City Star Shuttle; Geobeat Maoka; Umoinner; MNK Society; Salty Bizada Investment; Umoja Innercore Tena; Eastlands Eagles; Hannover Swift Trans; ROG; Ummoinner Class; Metrotrans East Africa,Bus Station; Commercial; Fig Tree; Gikomba; Kencom; Knh; Muthurwa; Odeon; Otc; Railways
23KG,Odeon-Chiromo-Westlands-Kangemi,,MAPPED,20,Kangemi; Killeton Commuters Services Savings AND Credit Cooperative; Latema Sacco; Cosy Travel; Starbus Company (k); Digital Luxury; Lopha,Fig Tree; Knh; Odeon; Railways
23KS,Gill House-Jogoo Road-Shauri Moyo-Jerusalem-Buruburu-Kariobangi South,,MAPPED,24,Risen Company; City Star Shuttle; Drepeja Route; MNK Society; Salty Bizada Investment; Southleigh S; 8B; Eastlands Eagles; KBS; ROG; Southleigh; Umoja Innercore Tena,Bus Station; Commercial; Fig Tree; Gikomba; Kencom; Knh; Muthurwa; Odeon; Otc; Railways
23W,Nation Building-Museum Hill-Graffins College-Westlands,,UNMAPPED,0,,
24BK,Bomas-Karen Hospital-Karen,,MAPPED,1,Wanjo Patrames Travel Company,
24C,Kencom-Valley Road-Ngong Road-Karen-Hardy,ngong_road,MAPPED,60,KBS; Express Connections; City Star Shuttle; Unified International; Lankana Society; Metrotrans East Africa; Rasasi; Risen Company; Super Metro; Expreso; Lothian Transporters; Luminous Shuttles; Matatu Crew Association; Nangkis Matatu; Ngong; Wanjo Patrames Travel Company; Highrise Kibera; Kibera Bureti; Kibera; Ngokana; Ngumo-line; Snowball Society; St. Marys Transport Society; Wakimali CO,Bus Station; Commercial; Fig Tree; Gikomba; Kencom; Knh; Muthurwa; Odeon; Otc; Railways
25A,Odeon-Pangani-Alssops-Baba Dogo-Lucky Summer,thika_road,MAPPED,19,Baba Dogo 25; Lopha; Neema Agency; Kariobangi; Lucky Baba Dogo; Eastleigh Commuter; Nazigi,Commercial; Fig Tree; Gikomba; Odeon; Otc
26S,Aquinas-Jerusalem-Outering-Kariobangi,,MAPPED,3,Drepeja Route; ROG,Gikomba; Otc
29/30,Ngara-Pangani-Alssops-Drive in-Mathare,thika_road,MAPPED,8,FIG Komba; FIG Prestige Management Company; Jesmat Co-oprative; Manmo,Commercial; Fig Tree; Gikomba; Muthurwa
32A,Kencom-Community-KNH-Ngong Road-Ayani,ngong_road,MAPPED,8,Unified International; Metrotrans East Africa; Lothian Transporters; Risen Company,Bus Station; Commercial; Kencom; Knh; Odeon; Otc
32D,OTC-Kariokor-Mlango-Rounda-Dandora,,UNMAPPED,0,,
33DC,Donholm-Rounda-Carbanas,,UNMAPPED,0,,
33C,Commercial-Jogoo Road-Pipeline-Cabanas,kangundo_road,MAPPED,28,Geobeat Maoka; Libera Impex; Risen Company; ROG; FIG Prestige Management Company; Manmo; MNK Society; Eastlands Eagles; Kani Transport; Southleigh S; Umoinner; Umoja Innercore Tena,Bus Station; Commercial; Fig Tree; Gikomba; Kencom; Knh; Muthurwa; Odeon; Otc; Railways
33B,Commercial-Cabanas-Baraka,mombasa_road,MAPPED,3,Embassava; Manmo; Risen Company,Bus Station; Commercial; Fig Tree; Gikomba; Kencom; Knh; Odeon; Otc
33FED,Commercial-Cabanas-Tuskys-Village-Gate A-Posta,mombasa_road,MAPPED,33,Geobeat Maoka; Libera Impex; Risen Company; ROG; Arbab Ventures; Embassava; FIG Prestige Management Company; Manmo; MNK Society; Telaviv; Eastlands Eagles; Kani Transport; Royal Swift Express; Salty Bizada Investment; Southleigh S,Bus Station; Commercial; Fig Tree; Gikomba; Kencom; Knh; Muthurwa; Odeon; Otc; Railways
33GTB,Accra Road-Jogoo Road-Donholm-Fedha-Gate B,kangundo_road,MAPPED,15,Geobeat Maoka; Risen Company; MNK Society; Eastlands Eagles; Manmo; Umoinner; Umoja Innercore Tena,Bus Station; Commercial; Fig Tree; Kencom; Knh; Muthurwa; Odeon; Otc; Railways
33H,Cabanas-Utawala-Bypass,,MAPPED,5,MNK Society; Dix-hult; Southleigh S; Southleigh,Fig Tree; Gikomba; Muthurwa
33IMR,Commercial-Belleview-Imara Daima,mombasa_road,MAPPED,1,Risen Company,Bus Station; Commercial; Kencom; Knh; Odeon; Otc
33J,Cabanas-Utawala-Githunguri,,UNMAPPED,0,,
33MKR,Bus Station-Mombasa Road-Imara Daima-St.Bakhita,mombasa_road,MAPPED,4,Indima (nje); Risen Company,Bus Station; Commercial; Kencom; Knh; Muthurwa; Odeon; Otc
33NG,Racecourse Road-Ngong Road-KNH-Ngumo,,MAPPED,1,Risen Company,Bus Station; Commercial; Kencom; Knh; Odeon; Otc
33DP,Muthurwa-Donholm-Pipeline,kangundo_road,MAPPED,36,Geobeat Maoka; Outreach Travel; 61 BUS; Inter Counties; Eastern Bypass; Kani Transport; MNK Society; Prime Transcity; Benjo( K); Cbet; Eastlands Eagles; Forward Travellers; Kibera Bureti; Libera Impex; Ngumo-line; Pejo Tech Company; Risen Company; ROG; Stahito Commuter Services CO; Umoinner; Umoja Innercore Tena,Bus Station; Fig Tree; Gikomba; Kencom; Knh; Muthurwa; Odeon; Otc; Railways
33TP,Commercial-Mombasa Road-Taj Mall-Pipeline,mombasa_road,MAPPED,55,Libera Impex; Geobeat Maoka; Indima (nje); Risen Company; ROG; Salty Bizada Investment; Southleigh S; Telaviv; Arbab Ventures; FIG Prestige Management Company; Forward Travellers; Manmo; MNK Society; Royal Swift Express; Benjo( K); Circular Classic Company; Eastern Bypass; Eastlands Eagles; Embassava; Inter Counties; Kani Transport; KBS; Ngong; Pejo Tech Company; Southleigh; St. Marys Transport Society; Stahito Commuter Services CO,Bus Station; Commercial; Fig Tree; Gikomba; Kencom; Knh; Muthurwa; Odeon; Otc; Railways
33SB,Ngumo-Highrise-Nairobi West-Couth C-South B,,UNMAPPED,0,,
33UTW,Utawala-Ambassadeur,mombasa_road,MAPPED,3,Tawala Shuttle; Risen Company,Bus Station; Commercial; Kencom; Knh; Odeon; Otc
34B,Ambassadeur-Donholm-Jacaranda,kangundo_road,MAPPED,23,Risen Company; City Star Shuttle; Geobeat Maoka; MNK Society; Eastlands Eagles; Hannover Swift Trans; ROG; Umoinner; Umoja Innercore Tena,Bus Station; Commercial; Fig Tree; Gikomba; Kencom; Knh; Muthurwa; Odeon; Otc; Railways
34J,Ambassadeur-Donholm-Rounda-JKIA,kangundo_road,MAPPED,25,Risen Company; City Star Shuttle; Geobeat Maoka; MNK Society; Eastlands Eagles; Hannover Swift Trans; Libera Impex; ROG; Umoinner; Umoja Innercore Tena,Bus Station; Commercial; Fig Tree; Gikomba; Kencom; Knh; Muthurwa; Odeon; Otc; Railways
34L,Kenyatta National Hospital-Mbagathi Road-Wilson Airport-Langata,langata_road,MAPPED,11,St. Marys Transport Society; Lucky Transporters Company; Rasasi; Lothian Transporters; Risen Company,Bus Station; Commercial; Kencom; Knh; Odeon; Otc
35/60,Town-Donholm-Umoja,kangundo_road,MAPPED,47,Umoinner; Risen Company; Geobeat Maoka; Salty Bizada Investment; Ummoinner Class; City Tram Shuttle; MNK Society; Umoja Innercore Tena; Dandora Usafiri; Eastlands Eagles; Five Friends Investment Company; Forward Travellers; Iska Investments Company; Jonsaga Flats; Metrotrans East Africa; Nicco Movers; ROG; Rukagina 44; Salty Supporters Investment; ZAM ZAM Fourty Five,Bus Station; Commercial; Fig Tree; Gikomba; Kencom; Knh; Muthurwa; Odeon; Otc; Railways
3560_2,Donholm-Mutindwa-Umoja 2,kangundo_road,UNMAPPED,0,,
38/39,Town-Donholm-Njiru-Ruai,kangundo_road,MAPPED,133,City Star Shuttle; Eastern Bypass; City Tram Shuttle; Risen Company; Geobeat Maoka; KBS; County Link; Forward Travellers; Indima (nje); Libera Impex; 61 BUS; Kani Transport; Neema Agency; Outreach Travel; Pinpoint Solution (k); Southleigh S; Stahito Commuter Services CO; Utawala By-pass; Benjo( K); Dix-hult; Drepeja Route; Eastern Kubamba; Matatu Crew Association; Maverous Shuttle; MNK Society; Mwiki PSV Society; Prime Transcity; Rembo Shuttle Savings AND Credit; Salty Bizada Investment; Ummoinner Class; Umoinner; Eastern Bypass Traverlers Investment CO; Eastlands Eagles; FIG Prestige Management Company; Hannover Swift Trans; Indo Star; Inter Counties; Kangemi; Kayo-line Group Company; Metrotrans East Africa; Ngong; Ngumo-line; Obamana; Pejo Tech Company; ROG; South B Society; Southleigh; Sowetamu; St. Marys Transport Society; Umoja Innercore Tena,Bus Station; Commercial; Fig Tree; Gikomba; Kencom; Knh; Muthurwa; Odeon; Otc; Railways
3N,Gikomba-Kariokor-Ngara,,MAPPED,3,Huruma Mini-bus; Jesmat Co-oprative; Jonsaga Flats,Fig Tree; Gikomba; Otc
3U,Dagoretti Corner-Naivasha Road-Uthiru,,MAPPED,1,Salty Bizada Investment,Kencom; Otc
44G,Odeon-Pangani-Roysambu-Githurai-Ku,thika_road,MAPPED,34,Nazigi; Lopha; Nakathi; Rukagina 44; Chelsea; Risen Company; Tikagi; Fourty Four Owners Company; Killeton Commuters Services Savings AND Credit Cooperative; Runka Services; Sunbird Services; Super Tram; ZAM ZAM Fourty Five,Bus Station; Commercial; Fig Tree; Kencom; Knh; Odeon; Otc
44K,Roysambu-Githurai-Ku,,MAPPED,12,Rukagina 44; Chelsea; Tikagi; Fourty Four Owners Company; ZAM ZAM Fourty Five,Bus Station; Commercial; Odeon; Otc
44Z,Odeon-Pangani-Roysabu-Zimmerman-KU,thika_road,MAPPED,4,Lopha,Fig Tree; Odeon
45G,Munyu Road-Pangani-Roysabu-Githurai,thika_road,MAPPED,21,Githurai 45; Super Highway 45 Society; Tikagi; Gikakuru,Fig Tree; Otc; Railways
45K,Munyu Road-Pangani-Roysabu-Githurai-Ku,thika_road,MAPPED,21,Githurai 45; Super Highway 45 Society; Tikagi; Gikakuru,Fig Tree; Otc; Railways
45P,Githurai-Proggie,,MAPPED,21,Githurai 45; Super Highway 45 Society; Tikagi; Gikakuru,Fig Tree; Otc; Railways
46B,Ronald Ngala-Juja Road-Eastleigh-Rounda,,MAPPED,58,Jonsaga Flats; Neema Agency; Aldana; Ecosa; Dandora Usafiri; Kariobangi; Risen Company; Eastern Bypass Traverlers Investment CO; Five Friends Investment Company; QUE Services; Salty Bizada Investment; Southleigh S; Ummoinner Class; 8B; Aldana Supreme; FIG Prestige Management Company; Githurai 45; Huruma Mini-bus; Jesmat Co-oprative; Madiwa; Nicco Movers; Pejo Tech Company; Salty Supporters Investment; Southleigh,Bus Station; Commercial; Fig Tree; Gikomba; Kencom; Knh; Muthurwa; Odeon; Otc
46H,Ronald Ngala-Juja Road-Eastleigh-Huruma,,MAPPED,41,Jonsaga Flats; Neema Agency; Risen Company; Aldana; Dandora Usafiri; Eastern Bypass Traverlers Investment CO; Ecosa; Kariobangi; QUE Services; Salty Bizada Investment; Ummoinner Class; 8B; Aldana Supreme; FIG Prestige Management Company; Githurai 45; Huruma Mini-bus; Jesmat Co-oprative; Madiwa; Nicco Movers; Pejo Tech Company; Salty Supporters Investment; Southleigh S,Bus Station; Commercial; Fig Tree; Gikomba; Kencom; Knh; Muthurwa; Odeon; Otc
46K,Kencom-Valley Road-Yaya Centre-Kawangware,,MAPPED,4,City Star Shuttle; KBS; Risen Company,Bus Station; Commercial; Kencom; Knh; Odeon; Otc
46Y,Kencom-Valley Road-Hurlinghum-Yaya Centre,,UNMAPPED,0,,
48A,Odeon-Chiromo-Strathmore School-Lavington,,UNMAPPED,0,,
48B,Odeon-Chiromo-Westlands Bypass-Methodist Guesthouse-Othaya Road,,MAPPED,14,Killeton Commuters Services Savings AND Credit Cooperative; Mwiki PSV Society; Meruit Logistics; Nakathi; Nazigi; Rasasi; Risen Company,Bus Station; Commercial; Fig Tree; Kencom; Knh; Odeon; Otc
48C,Odeon-Chiromo-Westlands-ByPass-Yaya,,MAPPED,18,Killeton Commuters Services Savings AND Credit Cooperative; Risen Company; Mwiki PSV Society; KBS; Meruit Logistics; Nakathi; Nazigi; St. Marys Transport Society,Bus Station; Commercial; Fig Tree; Kencom; Knh; Odeon; Otc
48K,Westlands-ABC Place-Lavington-Kawangware,,MAPPED,3,Welkan 48 Society,
48O,Odeon-Chiromo-Kileleshwa-Othaya Road,,UNMAPPED,0,,
4W,Railways-Ngong Road-Wanyee-Kaberia,ngong_road,MAPPED,33,Garamu Travel Solutions; RAJ Safaris; Kadana; Kibera Bureti; Kibera; Kiragi; MAT TWO Friends; Pakin Alicia Society; Dakika; Expreso; Fastrack United AND Credit; Karuri Commuters Services Savings AND Credit Co-opertaive Society; KBS; Latema Sacco; Matatu Crew Association; Nangkis Matatu; Ngokana; Pals Matatu; Rasasi; Risen Company; Serian; Snowball Society; Starbus Company (k),Bus Station; Commercial; Gikomba; Kencom; Knh; Koja; Odeon; Otc; Railways
6E,Church Army-Biafra-Joster,,UNMAPPED,0,,
70/71,Muthurwa-Likoni-Sinai-Lunga Lunga,kangundo_road,MAPPED,17,Geobeat Maoka; Outreach Travel; Inter Counties; Eastlands Eagles; Kani Transport; Kibera Bureti; Stahito Commuter Services CO; Umoja Innercore Tena; Utawala By-pass,Bus Station; Fig Tree; Knh; Muthurwa; Railways
7C,Kencom-Community-Equity Center-Kenyatta National Hospital,,UNMAPPED,0,,
