route_id,number,saccos
4070500SK11,04SK,Umoinner Sacco Ltd|Umoja Innercore Tena Matatu Owners Savings And Credit Co-Operative Society Ltd|Salty Supporters Investment Limited
70401000111,1,Dakabo Sacco Limited
40401001011,10,Embassava Cooperative Savings And Credit Society Ltd|Gikimwi Bypass Transporters Sacco|Libera Impex Limited
20100010011,100,Bakaki 101 Travellers Savings And Credit Co-Operative Society Limited|Kiambu Marafiki Sacco Ltd|Latema 22 Travellers Sacco
20100100A11,100A,Bakaki 101 Travellers Savings And Credit Co-Operative Society Limited|Risen Company Limited|Rwaken Investments Limited
70600010211,102,Super Metro|Kadana Travellers Savings And Credit Co-Operative Society Limited|Dakika Matatu Owners Sacco
70000010311,103,Benjo( K) Ltd|Digital Luxury Travellers Limited|Eastern Bypass Savings And Credit Co-Operative Society Limited
80500010511,105,Latema 22 Travellers Sacco|Cosy Travel Limited|Starbus Company (K) Ltd
10300106011,106,Gmk Sacco Limited|Kiambu Marafiki Sacco Ltd|Prime  Transcity Limited
10400010711,107,Gmk Sacco Limited|Tawala Shuttle Limited|Lopha Multipurpose Co-Operative Society
10000107D11,107D,Meruit Logistics Limited|Sony Classic Shuttle East Africa Limited|Bakaki 101 Travellers Savings And Credit Co-Operative Society Limited
10200010811,108,Bakaki 101 Travellers Savings And Credit Co-Operative Society Limited|Eastern Bypass Savings And Credit Co-Operative Society Limited
50100001111,11,KBS|South B Matatu Owners Sacco Society Ltd|Telaviv Travellers Limited
50800011011,110,Embassava|Indima (Nje) Sacco|Benjo( K) Ltd
50901011012,110AK,Nakam Sacco Society Limited
50901011011,110ATH,Benjo( K) Ltd|County Link Savings And Credit Co-Operative Society Ltd|Eastern Bypass Savings And Credit Co-Operative Society Limited
70400011111,111,Kibera Bureti Sacco|Kibera Matatu Owners Cooperative Savings And Credit Society Limited
10000114011,114R,Likambu Matatu Savings And Credit Co-Operative Society Limited|Bakaki 101 Travellers Savings And Credit Co-Operative Society Limited|Gmk Sacco Limited
80000114011,114W,Forward Travellers Sacco Ltd|Kariobangi Matatu Owners Savings And Credit Co-Operative Society Limited|2Kr Route 105 Multipurpose Cooperative Society Limited
80000115011,115,Forward Travellers Sacco Ltd|Integrity Intercity Limited|Kariobangi Matatu Owners Savings And Credit Co-Operative Society Limited
10000116011,116,Likambu Matatu Savings And Credit Co-Operative Society Limited|Bakaki 101 Travellers Savings And Credit Co-Operative Society Limited|Eastern Kubamba Limited
80100011811,118,Bakaki 101 Travellers Savings And Credit Co-Operative Society Limited|Home Sacco Limited|Walokana Multipurpose Co-Operative Society Ltd
80000011911,119,KBS|Ongata Line|Nicco Movers
80000119A11,119A,Transworld Transport Savings And Credit Co-Operative Society Ltd|Bakaki 101 Travellers Savings And Credit Co-Operative Society Limited|Bybuss Trans Limited
10100011A11,11A,Gmk Sacco Limited
30100011C11,11C,Naboka Travellers Sacco|Aldana Travellers Sacco|Baba Dogo 25 Travellers Sacco
10300011F11,11F,Gmk Sacco Limited|8B Savings And Credit Co-Operative Society Ltd|Baba Dogo 25 Travellers Sacco
50100001121,11_2,Telaviv Travellers Limited|Arbab Ventures Limited|County Link Savings And Credit Co-Operative Society Ltd
20100012011,120,Tikagi Savings And Credit Cooperative Society Limited|Githiga Travellers Sacco|Likambu Matatu Savings And Credit Co-Operative Society Limited
20100012111,121,Bakaki 101 Travellers Savings And Credit Co-Operative Society Limited|Risen Company Limited|Rwaken Investments Limited
50205012511,125,Ongata Line|Fastrack United And Credit Cooperative Society|Matatu Crew Association Sacco
50205012611,126,Ongata Line|Fastrack United And Credit Cooperative Society|Lankana Sacco Society Limited
70400012611,126N,Emaar City Bus Limited|Luminous Shuttles Limited|Nailepu Travellers Sacco
50205012601,126RK,Bybuss Trans Limited|Expreso Limited|Fastrack United And Credit Cooperative Society
70000012911,129,Benjo( K) Ltd|Eastern Bypass Savings And Credit Co-Operative Society Limited|Kiwaliru Savings And Credit Co-Operative Society Limited
50300012C11,12C,Eastern Kubamba Limited|Naboka Travellers Sacco
50301012D11,12D,Eastern Kubamba Limited|Naboka Travellers Sacco|Ngong Travellers Sacco
80000135011,135,Forward Travellers Sacco Ltd|Kariobangi Matatu Owners Savings And Credit Co-Operative Society Limited|2Kr Route 105 Multipurpose Cooperative Society Limited
30800001411,14,Kariobangi Matatu Owners Savings And Credit Co-Operative Society Limited|Neema Travellers Agency Limited|Benjo( K) Ltd
20000145011,145,KBS|Super Metro|Forward Travellers
50700014501,145B,Meruit Logistics Limited|Circular Classic Company Limited|Expreso Limited
20700145D01,145D,Forward Travellers Sacco Ltd|Jonsaga Flats Sacco|Libera Impex Limited
50201014A11,14A,Kenya Bus Service Management Limited|Metrotrans East Africa Limited|Nazigi Sacco Limited
50201014B11,14B,Metrotrans East Africa Limited|Rwaken Investments Limited
50204001511,15,Kenya Bus Service Management Limited|St. Marys Transport Sacco Society|West Madaraka Route 14 Cooperative Sacco.
50203001611,16,Highrise Kibera Sacco|Kenya Bus Service Management Limited|Metrotrans East Africa Limited
30600186211,16/62,Eastern Bypass Traverlers Investment Co. Limited|8B Savings And Credit Co-Operative Society Ltd|Benjo( K) Ltd
40705017A01,17A,Dandora Usafiri Travellers Sacco|Dix-Hult Matatu Owner Sacco|Ecosa Travellers Sacco
30600017A11,17Aky,Dix-Hult Matatu Owner Sacco|Forward Travellers Sacco Ltd|Pinpoint Solution (K) Ltd
21000017B11,17B,Forward Travellers|Eastleigh Commuters|MSL (Mwiki Sacco)
30600018C11,18C,Circular Classic Company Limited|Cbet Sacco|County Link Savings And Credit Co-Operative Society Ltd
40703196011,1960,Forward Travellers Sacco Ltd|Kani Transport Savings And Credit Co-Operative Society Limited|Pinpoint Solution (K) Ltd
40702196111,1961K,Forward Travellers Sacco Ltd|Kani Transport Savings And Credit Co-Operative Society Limited|Pinpoint Solution (K) Ltd
40702196112,1961Kd,Five Friends Investment Company Limited
4070519C211,19C2,Jonsaga Flats Sacco|Risen Company Limited
40705019C11,19Cdc,Umoinner Sacco Ltd|Umoja Innercore Tena Matatu Owners Savings And Credit Co-Operative Society Ltd
40702019C11,19Cjk,Single Line Services Limited|Baba Dogo 25 Travellers Sacco|Dandora Usafiri Travellers Sacco
70601000211,2,Kibera Bureti Sacco|Kibera Matatu Owners Cooperative Savings And Credit Society Limited|Kiragi Travellers Savings And Credit Co-Operative Society Limited
40702002001,20,Gmk Sacco Limited|Five Friends Investment Company Limited
20800203001,2030,Kariobangi Matatu Owners Savings And Credit Co-Operative Society Limited
20000237011,237,KBS|Super Metro|Forward Travellers
80000002311,23KG,Cosy Travel Limited|Kangemi Matatu Owners Sacco
40201002311,23KS,Arbab Ventures Limited|Karuri Commuters Services Savings And Credit Co-Opertaive Society Limited|Telaviv Travellers Limited
50206002411,24,2Kw Savings And Credit Co-Operative Society Ltd|Chania Travellers Sacco|Eastern Bypass Traverlers Investment Co. Limited
50000002412,24BK,2Kw Savings And Credit Co-Operative Society Ltd|Chania Travellers Sacco|Eastern Bypass Traverlers Investment Co. Limited
70201024C11,24C,Buruburu 58 Travellers Savings And Credit Co-Operative Society Limited|Garamu Travel Solutions Limited|Kadana Travellers Savings And Credit Co-Operative Society Limited
20801002511,25,Eastleigh Commuters|Nicco Movers|MSL (Mwiki Sacco)
20801025A11,25A,Forward Travellers|Nicco Movers|Aldana Travellers Sacco
40501002611,26,Arbab Ventures Limited|Aldana Travellers Sacco|Bakaki 101 Travellers Savings And Credit Co-Operative Society Limited
40403002611,26S,Arbab Ventures Limited|Aldana Travellers Sacco|Bakaki 101 Travellers Savings And Credit Co-Operative Society Limited
30800002811,28,Kariobangi Matatu Owners Savings And Credit Co-Operative Society Limited|Neema Travellers Agency Limited
20701293011,29/30,Kayo-Line Group Company Limited|Mnk Sacco Society Ltd|Rembo Shuttle Savings And Credit Sacco Ltd
80400003011,30,Kariobangi Matatu Owners Savings And Credit Co-Operative Society Limited|2B Travellers Sacco Ltd|Baba Dogo 25 Travellers Sacco
70200003211,32A,County Link Savings And Credit Co-Operative Society Ltd|Benjo( K) Ltd|Circular Classic Company Limited
30907003211,32D,Benjo( K) Ltd|Eastern Bypass Savings And Credit Co-Operative Society Limited|Pejo Tech Company Ltd
50703033C11,33B,MSL (Mwiki Sacco)|Sony Classic Shuttle East Africa Limited|Benjo( K) Ltd
40700033C11,33C,Eastleigh Commuters|2Kr Route 105 Multipurpose Cooperative Society Limited|Baba Dogo 25 Travellers Sacco
40700003311,33DC,Baba Dogo 25 Travellers Sacco|Fastrack United And Credit Cooperative Society|Jonsaga Flats Sacco
40100003311,33DP,2Kr Route 105 Multipurpose Cooperative Society Limited|Baba Dogo 25 Travellers Sacco|Bybuss Trans Limited
50702003311,33FED,Arbab Ventures Limited|Benjo( K) Ltd|Fig Prestige Management Company Limited
40701003311,33GTB,2Kr Route 105 Multipurpose Cooperative Society Limited|Baba Dogo 25 Travellers Sacco|Buruburu 58 Travellers Savings And Credit Co-Operative Society Limited
50700033H01,33H,Bakaki 101 Travellers Savings And Credit Co-Operative Society Limited|County Link Savings And Credit Co-Operative Society Ltd|Eastern Bypass Savings And Credit Co-Operative Society Limited
50600003311,33IMR,Mwiki Psv Sacco Society Limited
50703033J01,33J,Forward Travellers Sacco Ltd|Gikaki Sacco Society Limited|Inagi Travellers Sacco
50600033A11,33MKR,Indima (Nje) Sacco|Manama Travellers Limited|Nakaski Transort Savings Credit Sacco Ltd
70000203311,33NG,Metrotrans East Africa Limited|Rwaken Investments Limited
70101013301,33SB,Telaviv Travellers Limited
50701003311,33TP,MSL (Mwiki Sacco)|Fig Prestige Management Company Limited|Mwiki Psv Sacco Society Limited
50700003311,33UTW,Expreso Limited|Forward Travellers Sacco Ltd|Gikaki Sacco Society Limited
40702034B11,34B,Baba Dogo 25 Travellers Sacco|Expreso Limited|Ngong Travellers Sacco
40700003411,34J,Libera Impex Limited|Nkikan Sacco Society Limited|Oromats Sacco Society Ltd
70100203411,34L,Rasasi Travellers Limited|St. Marys Transport Sacco Society|City Star Shuttle Limited
40704356011,35/60,Umoinner Sacco Ltd|Umoja Innercore Tena Matatu Owners Savings And Credit Co-Operative Society Ltd
40704356001,3560_2,Super Metro|Embassava|Nicco Movers
40601003611,36,Dabumato Commuter Service Savings & Credit Co-Operative Society Ltd|Dandora Usafiri Travellers Sacco|Eastlands Eagles Limited
30603373812,3738,Bakaki 101 Travellers Savings And Credit Co-Operative Society Limited|Expreso Limited|Five Friends Investment Company Limited
40705383911,38/39,Pinpoint Solution (K) Ltd|Forward Travellers Sacco Ltd|Kani Transport Savings And Credit Co-Operative Society Limited
30101000311,3N,Aldana Travellers Sacco|Arbab Ventures Limited|Baba Dogo 25 Travellers Sacco
70000000311,3U,2Kw Savings And Credit Co-Operative Society Ltd|Super Metro Limited
40101040501,405,Kenya Bus Service Management Limited|St. Marys Transport Sacco Society
30007004111,41,Dandora Usafiri Travellers Sacco|Ecosa Travellers Sacco
20807042011,42,Aldana Travellers Sacco|Dandora Usafiri Travellers Sacco|Ecosa Travellers Sacco
20901043011,43,Forward Travellers|Eastleigh Commuters|County Link Savings And Credit Co-Operative Society Ltd
21100004411,44G,KBS|Nicco Movers|Aldana Travellers Sacco
21100004421,44K,Indima (Nje) Sacco|Kenya Bus Service Management Limited
21100004412,44Z,Aldana Travellers Sacco|Ecosa Travellers Sacco|Forward Travellers Sacco Ltd
20000004512,45G,Forward Travellers Sacco Ltd|Kariobangi Matatu Owners Savings And Credit Co-Operative Society Limited|Kayo-Line Group Company Limited
20000004511,45K,KBS|Aldana Travellers Sacco|Ecosa Travellers Sacco
20000004513,45P,Unified International Limited
30000046B11,46B,Huruma Mini-Bus Sacco Ltd|Benjo( K) Ltd|Eastern Bypass Savings And Credit Co-Operative Society Limited
30000004611,46H,Huruma Mini-Bus Sacco Ltd|Benjo( K) Ltd|Eastern Bypass Savings And Credit Co-Operative Society Limited
60200004611,46K,Eastern Bypass Savings And Credit Co-Operative Society Limited|Fastrack United And Credit Cooperative Society|Five Friends Investment Company Limited
60000004611,46Y,Killeton Commuters Services Savings And Credit Cooperative Ltd|Kiragi Travellers Savings And Credit Co-Operative Society Limited|Lothian Transporters
80100048A11,48A,Digital Luxury Travellers Limited
80101048B11,48B,8B Savings And Credit Co-Operative Society Ltd|Baba Dogo 25 Travellers Sacco|City Star Shuttle Limited
80200048C11,48C,8B Savings And Credit Co-Operative Society Ltd|Baba Dogo 25 Travellers Sacco|City Star Shuttle Limited
80200004811,48K,Super Metro|Embassava|Benjo( K) Ltd
80101004811,48O,Baba Dogo 25 Travellers Sacco|Digital Luxury Travellers Limited|Home Sacco Limited
21000004911,49,Forward Travellers|Eastleigh Commuters|Nicco Movers
70500004W11,4W,Jupiterline Investments Capital Limited|Kibera Bureti Sacco|Kibera Matatu Owners Cooperative Savings And Credit Society Limited
70301000511,5,2Kw Savings And Credit Co-Operative Society Ltd|Chania Travellers Sacco|Eastern Bypass Traverlers Investment Co. Limited
20400005311,53,Super Metro|Meruit Logistics Limited|Super Metro Limited
60201005611,56,Kiragi Travellers Savings And Credit Co-Operative Society Limited|Fastrack United And Credit Cooperative Society|Five Friends Investment Company Limited
40601005811,58,Dabumato Commuter Service Savings & Credit Co-Operative Society Ltd|Dandora Usafiri Travellers Sacco|Eastlands Eagles Limited
20702000611,6,Naboka Travellers Sacco|Aldana Travellers Sacco|Bakaki 101 Travellers Savings And Credit Co-Operative Society Limited
40102040511,69,Embassava|Indima (Nje) Sacco|Outreach Travel
40301707111,70/71,Embassava|Eastern Kubamba Limited|Latema 22 Travellers Sacco
60101007C11,7C,Lothian Transporters|Unified International Limited
70200000811,8,Kibera Bureti Sacco
