sacco,registry_name,route,corridor,from_terminus,to_terminus,coverage,hits_of_total,via_raw,confidence,VERDICT
KBS,KENYA BUS SERVICE MANAGEMENT LIMITED,44G,thika_road,Main Stage,Main Stage,1.00,3/3,"Bus station, Mombasa roadLusaka road Industrial AreaKwa Njenga Outering rd Kangundo rd Ruai, Kamulu",high,
KBS,KENYA BUS SERVICE MANAGEMENT LIMITED,119,,Koja,Wangige Health Centre,1.00,3/3,"kikuyu, kawangware ngong rd yaya KNH ambassador langata rd lusaka rd jogoo rd JKIA utawala mombasa rd athi river kitengela, kajiado",high,
KBS,KENYA BUS SERVICE MANAGEMENT LIMITED,145,thika_road,Main Stage,Ruiru,1.00,3/3,"kikuyu, kawangware ngong rd yaya KNH ambassador langata rd lusaka rd jogoo rd JKIA utawala mombasa rd athi river kitengela, kajiado",high,
KBS,KENYA BUS SERVICE MANAGEMENT LIMITED,237,thika_road,Townterminal,Thika Town,1.00,3/3,"kikuyu, kawangware ngong rd yaya KNH ambassador langata rd lusaka rd jogoo rd JKIA utawala mombasa rd athi river kitengela, kajiado",high,
KBS,KENYA BUS SERVICE MANAGEMENT LIMITED,45K,thika_road,Main Stage,KU,1.00,3/3,"kikuyu, kawangware ngong rd yaya KNH ambassador langata rd lusaka rd jogoo rd JKIA utawala mombasa rd athi river kitengela, kajiado",high,
KBS,KENYA BUS SERVICE MANAGEMENT LIMITED,11,,Bus Station,South B Mwisho,1.00,3/3,"Bus Station, city stadium lusaka rd enterprise rd likoni rd jogoo rd kangundo rd via eastern bypass mombasa rd langata rd kungu karumba rd ngong rd karen dagoretti yaya centre limuru rd, Ruaka",high,
Super Metro,SUPER METRO LIMITED,237,thika_road,Townterminal,Thika Town,1.00,3/3,"kikuyu, kawangware kenyatta ambasdour tom mboya thika road kasarani, juja",high,
Super Metro,SUPER METRO LIMITED,53,,Roasters,Maruirui,0.67,2/3,"Ruiru, RuakaWangigeKikuyuWaiyakiwayWestlandsMoi avenueTomboyaThika rdKasaraniJujaThika, Thika-Makongeni",medium,
Super Metro,SUPER METRO LIMITED,102,,Railways,Kikuyu,0.67,2/3,"Ruiru, RuakaWangigeKikuyuWaiyakiwayWestlandsMoi avenueTomboyaThika rdKasaraniJujaThika, Thika-Makongeni",medium,
Super Metro,SUPER METRO LIMITED,48K,,Westlands,Co-Op Bank,0.67,2/3,"Ruiru, RuakaWangigeKikuyuWaiyakiwayWestlandsMoi avenueTomboyaThika rdKasaraniJujaThika, Thika-Makongeni",medium,
Super Metro,SUPER METRO LIMITED,3560_2,,Umoja Stage,Umoja 2 Terminus,0.67,2/3,"Ruiru, RuakaWangigeKikuyuWaiyakiwayWestlandsMoi avenueTomboyaThika rdKasaraniJujaThika, Thika-Makongeni",medium,
Super Metro,SUPER METRO LIMITED,145,thika_road,Main Stage,Ruiru,0.67,2/3,"Ruiru, RuakaWangigeKikuyuWaiyakiwayWestlandsMoi avenueTomboyaThika rdKasaraniJujaThika, Thika-Makongeni",medium,
Forward Travellers,FORWARD TRAVELLERS SACCO LTD,43,thika_road,Bus Station,Ngumba Terminal,1.00,3/3,"Kayole, Gikombe Alsops Mihango, Cabanas",high,
Forward Travellers,FORWARD TRAVELLERS SACCO LTD,49,thika_road,Odeon Terminals,Sunton,1.00,3/3,"Kayole, Gikombe Alsops Mihango, Cabanas",high,
Forward Travellers,FORWARD TRAVELLERS SACCO LTD,145,thika_road,Main Stage,Ruiru,1.00,3/3,"Kayole, Gikombe Alsops Mihango, Cabanas",high,
Forward Travellers,FORWARD TRAVELLERS SACCO LTD,17B,thika_road,Bus Station,Mwiki,1.00,3/3,"Kayole, Gikombe Alsops Mihango, Cabanas",high,
Forward Travellers,FORWARD TRAVELLERS SACCO LTD,237,thika_road,Townterminal,Thika Town,1.00,3/3,"Kayole, Gikombe Alsops Mihango, Cabanas",high,
Forward Travellers,FORWARD TRAVELLERS SACCO LTD,25A,thika_road,25A Terminal,Lucky Summer Terminal,1.00,3/3,"Kayole, Gikombe Alsops Mihango, Cabanas",high,
Ongata Line,ONGATA LINE TRANSPORTERS LIMITED,126,,Railways,Kiserian,1.00,3/3,"railways, kiserian, ongata rongai",high,
Ongata Line,ONGATA LINE TRANSPORTERS LIMITED,119,,Koja,Wangige Health Centre,0.67,2/3,"railways, kiserian, ongata rongai",medium,
Ongata Line,ONGATA LINE TRANSPORTERS LIMITED,125,,Railways,Kware,0.67,2/3,"railways, kiserian, ongata rongai",medium,
Ongata Line,ONGATA LINE TRANSPORTERS LIMITED,111,,Railways,Ngong Bus Terminus,0.50,2/4,"railways, mbagathi way,ongata rongai, kiserian",low,
Ongata Line,ONGATA LINE TRANSPORTERS LIMITED,3560_2,,Umoja Stage,Umoja 2 Terminus,0.50,2/4,"railways, mbagathi way,ongata rongai, kiserian",low,
Embassava,EMBASSAVA COOPERATIVE SAVINGS AND CREDIT SOCIETY LTD,69,,Muthurwa,Gm Mwisho,0.67,4/6,"embakasi, jogoo road, msa road, outereing road,all sops, accra road",medium,
Embassava,EMBASSAVA COOPERATIVE SAVINGS AND CREDIT SOCIETY LTD,110,,Easy Coach/Uchumi,Kitengela,0.67,2/3,"KITENGELA, MLOLONGOEMBAKASIJOGOO RDMOMBASA ROADOUTERING ROADSAVANNAH ROUTEALSOPS, ACCRA RD",medium,
Embassava,EMBASSAVA COOPERATIVE SAVINGS AND CREDIT SOCIETY LTD,48K,,Westlands,Co-Op Bank,0.67,2/3,"KITENGELA, MLOLONGOEMBAKASIJOGOO RDMOMBASA ROADOUTERING ROADSAVANNAH ROUTEALSOPS, ACCRA RD",medium,
Embassava,EMBASSAVA COOPERATIVE SAVINGS AND CREDIT SOCIETY LTD,70/71,,Muthurwa,Donholm,0.67,2/3,"KITENGELA, MLOLONGOEMBAKASIJOGOO RDMOMBASA ROADOUTERING ROADSAVANNAH ROUTEALSOPS, ACCRA RD",medium,
Embassava,EMBASSAVA COOPERATIVE SAVINGS AND CREDIT SOCIETY LTD,3560_2,,Umoja Stage,Umoja 2 Terminus,0.67,2/3,"KITENGELA, MLOLONGOEMBAKASIJOGOO RDMOMBASA ROADOUTERING ROADSAVANNAH ROUTEALSOPS, ACCRA RD",medium,
Embassava,EMBASSAVA COOPERATIVE SAVINGS AND CREDIT SOCIETY LTD,237,thika_road,Townterminal,Thika Town,0.67,2/3,"Malaa, Kangundo rd Eastern bypass Utawala Tajmall Enterprise rd Likoni rd Gikomba Eastleigh Juja rd, Thika rd",medium,
Eastleigh Commuters,EASTLEIGH COMMUTER SERVICES LIMITED,33C,,Commercial,Kobil,0.67,2/3,"Commercial, Thika rdKosovoEastleighPnganiJuja rdOutering rdfedha donholm Kangundo rd eastern bypass githunguri baba dogo lucky summer alsops, Kamulu",medium,
Eastleigh Commuters,EASTLEIGH COMMUTER SERVICES LIMITED,25,thika_road,Odeon Terminal,Baba Ndogo Terminal,0.67,2/3,"Commercial, Thika rdKosovoEastleighPnganiJuja rdOutering rdfedha donholm Kangundo rd eastern bypass githunguri baba dogo lucky summer alsops, Kamulu",medium,
Eastleigh Commuters,EASTLEIGH COMMUTER SERVICES LIMITED,43,thika_road,Bus Station,Ngumba Terminal,0.67,2/3,"Commercial, Thika rdKosovoEastleighPnganiJuja rdOutering rdfedha donholm Kangundo rd eastern bypass githunguri baba dogo lucky summer alsops, Kamulu",medium,
Eastleigh Commuters,EASTLEIGH COMMUTER SERVICES LIMITED,49,thika_road,Odeon Terminals,Sunton,0.67,2/3,"Commercial, Thika rdKosovoEastleighPnganiJuja rdOutering rdfedha donholm Kangundo rd eastern bypass githunguri baba dogo lucky summer alsops, Kamulu",medium,
Eastleigh Commuters,EASTLEIGH COMMUTER SERVICES LIMITED,145,thika_road,Main Stage,Ruiru,0.67,2/3,"Commercial, Thika rdKosovoEastleighPnganiJuja rdOutering rdfedha donholm Kangundo rd eastern bypass githunguri baba dogo lucky summer alsops, Kamulu",medium,
Eastleigh Commuters,EASTLEIGH COMMUTER SERVICES LIMITED,17B,thika_road,Bus Station,Mwiki,0.67,2/3,"Commercial, Thika rdKosovoEastleighPnganiJuja rdOutering rdfedha donholm Kangundo rd eastern bypass githunguri baba dogo lucky summer alsops, Kamulu",medium,
Nicco Movers,NICCO MOVERS LIMITED,3560_2,,Umoja Stage,Umoja 2 Terminus,1.00,3/3,"Ronald Ngala, GithuraiJujaThika, Makongeni",high,
Nicco Movers,NICCO MOVERS LIMITED,119,,Koja,Wangige Health Centre,0.67,2/3,"Ronald Ngala, GithuraiJujaThika, Makongeni",medium,
Nicco Movers,NICCO MOVERS LIMITED,25,thika_road,Odeon Terminal,Baba Ndogo Terminal,0.67,2/3,"Ronald Ngala, GithuraiJujaThika, Makongeni",medium,
Nicco Movers,NICCO MOVERS LIMITED,49,thika_road,Odeon Terminals,Sunton,0.67,2/3,"Ronald Ngala, GithuraiJujaThika, Makongeni",medium,
Nicco Movers,NICCO MOVERS LIMITED,25A,thika_road,25A Terminal,Lucky Summer Terminal,0.67,2/3,"Ronald Ngala, GithuraiJujaThika, Makongeni",medium,
Nicco Movers,NICCO MOVERS LIMITED,44G,thika_road,Main Stage,Main Stage,0.67,2/3,"Ronald Ngala, GithuraiJujaThika, Makongeni",medium,
MSL (Mwiki Sacco),MWIKI PSV SACCO SOCIETY LIMITED,119,,Koja,Wangige Health Centre,1.00,3/3,"bus station, mwiki, kasarani",high,
MSL (Mwiki Sacco),MWIKI PSV SACCO SOCIETY LIMITED,17B,thika_road,Bus Station,Mwiki,1.00,3/3,"bus station, mwiki, kasarani",high,
MSL (Mwiki Sacco),MWIKI PSV SACCO SOCIETY LIMITED,25,thika_road,Odeon Terminal,Baba Ndogo Terminal,0.75,3/4,"odeon, thika,thika road, kasarani",medium,
MSL (Mwiki Sacco),MWIKI PSV SACCO SOCIETY LIMITED,49,thika_road,Odeon Terminals,Sunton,0.75,3/4,"odeon, thika,thika road, kasarani",medium,
MSL (Mwiki Sacco),MWIKI PSV SACCO SOCIETY LIMITED,33B,,Commercial,Baraka Estate,0.67,2/3,"Commercial, odeon Slip Rd Moi Avenue River Rd Munyu Rd Latema Rd via Westands juja Rd Outering Rd Eatleigh Wangari maathai Rd Kipande Rd Bus Station Thika Rd Kasarani Mwiki Njiru Utawala kangundo Rd eastern Bypass Juja RuiruThika Kangundo Jogoo Rd, Garissa Rd",medium,
MSL (Mwiki Sacco),MWIKI PSV SACCO SOCIETY LIMITED,33TP,,Commercial,Transami,0.67,2/3,"Commercial, odeon Slip Rd Moi Avenue River Rd Munyu Rd Latema Rd via Westands juja Rd Outering Rd Eatleigh Wangari maathai Rd Kipande Rd Bus Station Thika Rd Kasarani Mwiki Njiru Utawala kangundo Rd eastern Bypass Juja RuiruThika Kangundo Jogoo Rd, Garissa Rd",medium,
