route,corridor,from_terminus,to_terminus,sacco,permit_no,coverage,hits_of_total,via_raw,confidence,VERDICT
1,,Karen Dispensary,Dagoretti Market,DAKABO SACCO LIMITED,ADR-2DVS88Q,0.67,2/3,"dagoretti market, karen, bomas",medium,
1,,Karen Dispensary,Dagoretti Market,DAKABO SACCO LIMITED,ADR-EPJSLLM,0.50,2/4,"bomas, karen, kabiria, dagoretti market",low,
2,,Railways,Dagoretti Market Mwisho,KIBERA BURETI SACCO,ADR-MDMSKW8,1.00,3/3,"railways, kibera, ngong road",high,
2,,Railways,Dagoretti Market Mwisho,KIBERA BURETI SACCO,ADR-ZZJS9OP,1.00,3/3,"railways, ngong road, kibera",high,
2,,Railways,Dagoretti Market Mwisho,KIBERA MATATU OWNERS COOPERATIVE SAVINGS AND CREDIT SOCIETY LIMITED,ADR-EPJSA7P,1.00,3/3,"railways, ngong road, kibera",high,
2,,Railways,Dagoretti Market Mwisho,KIBERA MATATU OWNERS COOPERATIVE SAVINGS AND CREDIT SOCIETY LIMITED,ADR-7WRS7R8,1.00,3/3,"railways, kibera, ngong road",high,
2,,Railways,Dagoretti Market Mwisho,KIRAGI TRAVELLERS SAVINGS AND CREDIT CO-OPERATIVE SOCIETY LIMITED,ADR-WZ9S3Q6,1.00,3/3,"railways, kibera, ngong road",high,
5,,Kencom,Togo Apartments,RWAKEN INVESTMENTS LIMITED,NTR-00948,0.67,2/3,"nairobi, within, nairobi",medium,
6,,Koja,Eastleigh Terminal,,,,,,unknown,
7,,Luthuli Avenue,Gikomba,,,,,,unknown,
8,,Railways,Equity Ayani,KIBERA BURETI SACCO,NTR-00260,0.67,2/3,"Railways, KNH Yaya City stadium Ngara Muthurwa St Marys Kinoo Kikuyu Karen Lenana Racecourse Kawangware Westlands, Kibera",medium,
8,,Railways,Equity Ayani,KIBERA BURETI SACCO,ADR-BQ9S7KD,0.67,2/3,"railways, knh, kibera",medium,
8,,Railways,Equity Ayani,KIBERA BURETI SACCO,ADR-MDMSKW8,0.67,2/3,"railways, kibera, ngong road",medium,
8,,Railways,Equity Ayani,KIBERA BURETI SACCO,ADR-YM3SVZM,0.67,2/3,"railways, kibera, knh",medium,
8,,Railways,Equity Ayani,KIBERA BURETI SACCO,ADR-ZZJS9OP,0.67,2/3,"railways, ngong road, kibera",medium,
10,,Muthurwa,Mwisho,EMBASSAVA COOPERATIVE SAVINGS AND CREDIT SOCIETY LTD,NTR-00259,0.67,2/3,"embakasi, jogoo road, muthurwa",medium,
10,,Muthurwa,Mwisho,EMBASSAVA COOPERATIVE SAVINGS AND CREDIT SOCIETY LTD,NTR-0039,0.67,2/3,"muthurwa, jogoo road, embakasi",medium,
10,,Muthurwa,Mwisho,EMBASSAVA COOPERATIVE SAVINGS AND CREDIT SOCIETY LTD,ADR-537HY73,0.67,2/3,"embakasi, muthurwa, jogoo road",medium,
10,,Muthurwa,Mwisho,PINPOINT SOLUTION (K) LTD,NTR-00439,0.67,2/3,"bus station, jogoo road,kayole, muthurwa",medium,
10,,Muthurwa,Mwisho,PINPOINT SOLUTION (K) LTD,ADR-MDMSJVR,0.67,2/3,"muthurwa, jogoo road, kayole",medium,
11,,Bus Station,South B Mwisho,SOUTH B MATATU OWNERS SACCO SOCIETY LTD,NTR-00201910291437530,1.00,4/4,"Bus station, South b,Hazina,Mombasa rd, Machakos",high,
11,,Bus Station,South B Mwisho,TELAVIV TRAVELLERS LIMITED,ADR-REOSRMR,1.00,4/4,"bus station, mombasa road, south c, south b, hazina",high,
11,,Bus Station,South B Mwisho,TELAVIV TRAVELLERS LIMITED,ADR-8LMSEPZ,1.00,4/4,"bus station, hazina,mombasa road, south c, south b",high,
11,,Bus Station,South B Mwisho,SINGLE LINE SERVICES LIMITED,ADR-VYASPYM,1.00,2/2,"bus station, south b, hazina",medium,
11,,Bus Station,South B Mwisho,SOUTH B MATATU OWNERS SACCO SOCIETY LTD,ADR-EPJSY5D,1.00,2/2,"bus station, hazina, south b",medium,
14,,Terminal Otc,Kariobangi Terminal,HURUMA MINI-BUS SACCO LTD,ADR-REOSZB2,0.50,2/4,"huruma, pangani,kariokor, tusker",low,
15,,Bus Station,Terminal,RWAKEN INVESTMENTS LIMITED,NTR-00948,0.67,2/3,"nairobi, within, nairobi",medium,
15,,Bus Station,Terminal,WEST MADARAKA ROUTE 14 COOPERATIVE SACCO.,ADR-REOSZ5E,0.67,2/3,"bus station, madaraka estate,west madaraka, langata rd",medium,
15,,Bus Station,Terminal,CHANIA TRAVELLERS SACCO,ADR-Q5LCLAM,0.50,2/4,"nairobi, thika, flyover, nakuru",low,
16,,Bus Station,Highrise,RWAKEN INVESTMENTS LIMITED,NTR-00948,0.67,2/3,"nairobi, within, nairobi",medium,
16,,Bus Station,Highrise,WEST MADARAKA ROUTE 14 COOPERATIVE SACCO.,ADR-REOSZ5E,0.67,2/3,"bus station, madaraka estate,west madaraka, langata rd",medium,
16,,Bus Station,Highrise,CHANIA TRAVELLERS SACCO,ADR-Q5LCLAM,0.50,2/4,"nairobi, thika, flyover, nakuru",low,
16,,Bus Station,Highrise,HIGHRISE KIBERA SACCO,ADR-9AKFJ77,0.50,2/4,"bus station, nyayo, highrise, knh, kibera",low,
16,,Bus Station,Highrise,HIGHRISE KIBERA SACCO,ADR-DB3TYAM,0.50,2/4,"bus station, kibera,nyayo, highrise, knh",low,
20,,Mama Lucy Terminal,Mwiki Terminal,kayo-line group company limited,ADR-Q5LC893,0.67,2/3,"mwiki, utawala, kayole",medium,
20,,Mama Lucy Terminal,Mwiki Terminal,MNK SACCO SOCIETY LTD,ADR-6DBSKLA,0.67,2/3,"mwiki, utawala, kayole",medium,
20,,Mama Lucy Terminal,Mwiki Terminal,MNK SACCO SOCIETY LTD,ADR-WZ9SD9A,0.67,2/3,"mwiki, kayole, utawala",medium,
20,,Mama Lucy Terminal,Mwiki Terminal,kayo-line group company limited,ADR-VYASWQB,0.50,2/4,"mwiki, utawala, cabanas, kayole",low,
20,,Mama Lucy Terminal,Mwiki Terminal,MNK SACCO SOCIETY LTD,ADR-537HQWM,0.50,2/4,"mwiki, utawala, cabanas, kayole",low,
24,,Karen/Shell,Kencom,RWAKEN INVESTMENTS LIMITED,NTR-00948,0.67,2/3,"nairobi, within, nairobi",medium,
24,,Karen/Shell,Kencom,WAKIMALI TRAVELLERS CO. LIMITED,NTR-00673,0.67,2/3,"kikuyu, karen, ngong",medium,
24,,Karen/Shell,Kencom,WAKIMALI TRAVELLERS CO. LIMITED,ADR-3ZQS2MK,0.67,2/3,"kikuyu, ngong, karen",medium,
24,,Karen/Shell,Kencom,NANGKIS MATATU SACCO,NTR-00201901141019580,0.50,3/6,"kiserian, ngong,karen,dagoreti corner,prestige, kenyatta",low,
24,,Karen/Shell,Kencom,NGOKANA SAVINGS AND CREDIT COOPERATIVE SOCIETY,NTR-00201901141019580,0.50,3/6,"kiserian, ngong,karen,dagoreti corner,prestige, kenyatta",low,
26,,Makadara,Kariobangi,,,,,,unknown,
28,,Gikomba Market Terminals,Kariobangi Terminal,KARIOBANGI MATATU OWNERS SAVINGS AND CREDIT CO-OPERATIVE SOCIETY LIMITED,ADR-A5ACLOL,0.67,2/3,"gikomba, juja road, kariobangi",medium,
28,,Gikomba Market Terminals,Kariobangi Terminal,KARIOBANGI MATATU OWNERS SAVINGS AND CREDIT CO-OPERATIVE SOCIETY LIMITED,ADR-POKSME5,0.67,2/3,"gikomba, kariobangi, juja road",medium,
28,,Gikomba Market Terminals,Kariobangi Terminal,NEEMA TRAVELLERS AGENCY LIMITED,ADR-A5ACLOL,0.67,2/3,"gikomba, juja road, kariobangi",medium,
28,,Gikomba Market Terminals,Kariobangi Terminal,NEEMA TRAVELLERS AGENCY LIMITED,ADR-POKSME5,0.67,2/3,"gikomba, kariobangi, juja road",medium,
30,,Odeon Terminus,Ndumbuini Terminus,COSY TRAVEL LIMITED,NTR-0078,0.67,2/3,"odeon, westlands, kangemi",medium,
30,,Odeon Terminus,Ndumbuini Terminus,COSY TRAVEL LIMITED,ADR-Q5LC6JA,0.67,2/3,"odeon, kangemi, westlands",medium,
30,,Odeon Terminus,Ndumbuini Terminus,KANGEMI MATATU OWNERS SACCO,NTR-0078,0.67,2/3,"odeon, westlands, kangemi",medium,
30,,Odeon Terminus,Ndumbuini Terminus,KANGEMI MATATU OWNERS SACCO,ADR-K9BF6AW,0.67,2/3,"odeon, westlands, kangemi",medium,
30,,Odeon Terminus,Ndumbuini Terminus,KANGEMI MATATU OWNERS SACCO,ADR-BQ9SQK6,0.67,2/3,"odeon, kangemi, westlands",medium,
36,,City Stadium,Dandora Terminal,DABUMATO COMMUTER SERVICE SAVINGS & CREDIT CO-OPERATIVE SOCIETY LTD,ADR-8LMSYLP,1.00,3/3,"dandora, city stadium, buruburu",high,
36,,City Stadium,Dandora Terminal,DANDORA USAFIRI TRAVELLERS SACCO,ADR-VYASLLZ,1.00,3/3,"dandora, buruburu, city stadium",high,
36,,City Stadium,Dandora Terminal,DANDORA USAFIRI TRAVELLERS SACCO,ADR-EPJSYY3,1.00,3/3,"dandora, city stadium, buruburu",high,
36,,City Stadium,Dandora Terminal,EASTLANDS EAGLES LIMITED,ADR-JY7S3YM,1.00,3/3,"dandora, buruburu, city stadium",high,
36,,City Stadium,Dandora Terminal,ECOSA TRAVELLERS SACCO,ADR-VYASW7J,1.00,3/3,"dandora, buruburu, city stadium",high,
3N,,Ngara,Gikomba,8B SAVINGS AND CREDIT CO-OPERATIVE SOCIETY LTD,ADR-POKSKYO,0.50,2/4,"jericho, eastleigh, kariokor, gikomba",low,
3N,,Ngara,Gikomba,8B SAVINGS AND CREDIT CO-OPERATIVE SOCIETY LTD,ADR-VYASAWA,0.50,2/4,"jericho, gikomba,eastleigh section3, kariokor",low,
3N,,Ngara,Gikomba,8B SAVINGS AND CREDIT CO-OPERATIVE SOCIETY LTD,ADR-Q5LCL8B,0.50,2/4,"jericho, gikomba,eastleigh, kariokor",low,
3N,,Ngara,Gikomba,ALDANA TRAVELLERS SACCO,ADR-BQ9SQJ9,0.50,2/4,"dandora, juja road,kariokor, gikomba",low,
3N,,Ngara,Gikomba,ECOSA TRAVELLERS SACCO,ADR-EPJSEZM,0.50,2/4,"dandora, juja road,kariokor, gikomba",low,
3U,,Dagoretti Corner Stage,Uthiru Pentecostal,,,,,,unknown,
41,,Gikomba,Dandora Terminal,DANDORA USAFIRI TRAVELLERS SACCO,ADR-A5AC77Q,0.67,2/3,"dandora, juja road, gikomba",medium,
41,,Gikomba,Dandora Terminal,DANDORA USAFIRI TRAVELLERS SACCO,ADR-DB3T33B,0.67,2/3,"dandora, gikomba, juja road",medium,
41,,Gikomba,Dandora Terminal,ECOSA TRAVELLERS SACCO,ADR-JY7SZPV,0.67,2/3,"dandora, gikomba, juja road",medium,
41,,Gikomba,Dandora Terminal,ECOSA TRAVELLERS SACCO,ADR-POKSYJ3,0.67,2/3,"dandora, juja road, gikomba",medium,
41,,Gikomba,Dandora Terminal,FIG KOMBA,ADR-BQ9SQQ3,0.67,2/3,"dandora, juja road, gikomba",medium,
42,,Terminal,Dandora Terminal,ALDANA TRAVELLERS SACCO,NTR-00360,0.67,2/3,"dandora, kariobangi, alsolps",medium,
42,,Terminal,Dandora Terminal,ALDANA TRAVELLERS SACCO,ADR-7WRS9DE,0.67,2/3,"dandora, alsolps, kariobangi",medium,
42,,Terminal,Dandora Terminal,DANDORA USAFIRI TRAVELLERS SACCO,NTR-00360,0.67,2/3,"dandora, kariobangi, alsolps",medium,
42,,Terminal,Dandora Terminal,ECOSA TRAVELLERS SACCO,NTR-00360,0.67,2/3,"dandora, kariobangi, alsolps",medium,
42,,Terminal,Dandora Terminal,ECOSA TRAVELLERS SACCO,NTR-00114,0.67,2/3,"ronald ngala, kariobangi, dandora",medium,
4W,,Railways,Chemist/Kwa Maji/Kaberia,KIBERA BURETI SACCO,ADR-MDMSKW8,1.00,3/3,"railways, kibera, ngong road",high,
4W,,Railways,Chemist/Kwa Maji/Kaberia,KIBERA BURETI SACCO,ADR-ZZJS9OP,1.00,3/3,"railways, ngong road, kibera",high,
4W,,Railways,Chemist/Kwa Maji/Kaberia,KIBERA MATATU OWNERS COOPERATIVE SAVINGS AND CREDIT SOCIETY LIMITED,ADR-EPJSA7P,1.00,3/3,"railways, ngong road, kibera",high,
4W,,Railways,Chemist/Kwa Maji/Kaberia,KIBERA MATATU OWNERS COOPERATIVE SAVINGS AND CREDIT SOCIETY LIMITED,ADR-7WRS7R8,1.00,3/3,"railways, kibera, ngong road",high,
4W,,Railways,Chemist/Kwa Maji/Kaberia,KIRAGI TRAVELLERS SAVINGS AND CREDIT CO-OPERATIVE SOCIETY LIMITED,ADR-WZ9S3Q6,1.00,3/3,"railways, kibera, ngong road",high,
53,,Roasters,Maruirui,,,,,,unknown,
56,,Railways,Kanungaga/56 Mwisho,FASTRACK UNITED AND CREDIT COOPERATIVE SOCIETY,NTR-0042,0.67,2/3,"railways, yaya, kawangware",medium,
56,,Railways,Kanungaga/56 Mwisho,FASTRACK UNITED AND CREDIT COOPERATIVE SOCIETY,ADR-3ZQS3MO,0.67,2/3,"railways, kawangware, yaya",medium,
56,,Railways,Kanungaga/56 Mwisho,KAWANGWARE MATATU SAVINGS AND CREDIT CO-OPERATIVE SOCIETY LIMITED,NTR-0042,0.67,2/3,"railways, yaya, kawangware",medium,
56,,Railways,Kanungaga/56 Mwisho,KAWANGWARE MATATU SAVINGS AND CREDIT CO-OPERATIVE SOCIETY LIMITED,ADR-ZZJSJW2,0.67,2/3,"railways, kawangware, yaya",medium,
56,,Railways,Kanungaga/56 Mwisho,PALS MATATU SAVINGS AND CREDIT CO-OPERATIVE SOCIETY LIMITED,NTR-0042,0.67,2/3,"railways, yaya, kawangware",medium,
58,,Ambassadeur,Mutindwa,BURUBURU 58 TRAVELLERS SAVINGS AND CREDIT CO-OPERATIVE SOCIETY LIMITED,ADR-REOSRLV,0.67,2/3,"buruburu, jogoo road, commercial",medium,
58,,Ambassadeur,Mutindwa,BURUBURU 58 TRAVELLERS SAVINGS AND CREDIT CO-OPERATIVE SOCIETY LIMITED,ADR-YM3S6EM,0.67,2/3,"buruburu, commercial, jogoo road",medium,
58,,Ambassadeur,Mutindwa,DABUMATO COMMUTER SERVICE SAVINGS & CREDIT CO-OPERATIVE SOCIETY LTD,ADR-8LMSYLP,0.67,2/3,"dandora, city stadium, buruburu",medium,
58,,Ambassadeur,Mutindwa,DANDORA USAFIRI TRAVELLERS SACCO,ADR-VYASLLZ,0.67,2/3,"dandora, buruburu, city stadium",medium,
58,,Ambassadeur,Mutindwa,DANDORA USAFIRI TRAVELLERS SACCO,ADR-EPJSYY3,0.67,2/3,"dandora, city stadium, buruburu",medium,
69,,Muthurwa,Gm Mwisho,INDIMA (NJE) SACCO,ADR-2DVSZ6L,0.50,2/4,"muthurwa, kwa njenga,enterprise road, lusaka road",low,
69,,Muthurwa,Gm Mwisho,OUTREACH TRAVEL,ADR-Q5LCEKZ,0.50,2/4,"muthurwa, kwa njenga,enterprise road, lusaka road",low,
6E,,Church Army,Joster,,,,,,unknown,
7C,,Kencom,Kenyatta Hospital Stage,,,,,,unknown,
102,,Railways,Kikuyu,DAKIKA MATATU OWNERS SACCO,ADR-8LMSVRP,1.00,4/4,"railways, ngong road, dagoretti, kikuyu",high,
102,,Railways,Kikuyu,PAKIN ALICIA SACCO SOCIETY LTD,ADR-O68I875,1.00,4/4,"railways, kikuyu,ngong road, dagoretti",high,
102,,Railways,Kikuyu,DAKIKA MATATU OWNERS SACCO,NTR-00104,1.00,3/3,"railways, kikuyu, dagoretti",high,
102,,Railways,Kikuyu,KIBERA BURETI SACCO,ADR-MDMSKW8,1.00,3/3,"railways, kibera, ngong road",high,
102,,Railways,Kikuyu,KIBERA BURETI SACCO,ADR-ZZJS9OP,1.00,3/3,"railways, ngong road, kibera",high,
103,,Dagoretti Corner Stage,Wangige Stage,DIGITAL LUXURY TRAVELLERS LIMITED,NTR-00202104141031560,0.67,2/3,"Uthiru, muhuri rd dagoretti market kikuyu zambezi nduma buroti mutarakwa kwambira limuru rironi muguga, kinoo",medium,
103,,Dagoretti Corner Stage,Wangige Stage,2KW SAVINGS AND CREDIT CO-OPERATIVE SOCIETY LTD,ADR-VYASWZP,0.60,3/5,"dagoretti corner, uthiru,wangige,limuru, nakuru",low,
103,,Dagoretti Corner Stage,Wangige Stage,LATEMA 22 TRAVELLERS SACCO,NTR-001332,0.50,3/6,"odeon, westlands,kangemi,uthiru,kinoo, regen",low,
103,,Dagoretti Corner Stage,Wangige Stage,2KW SAVINGS AND CREDIT CO-OPERATIVE SOCIETY LTD,ADR-POKSY77,0.50,2/4,"bus station, wangige,ngong road, kawagware, uthiru",low,
105,,Kikuyu Terminus,Odeon Terminus,LATEMA 22 TRAVELLERS SACCO,NTR-001332,1.00,6/6,"odeon, westlands,kangemi,uthiru,kinoo, regen",high,
105,,Kikuyu Terminus,Odeon Terminus,COSY TRAVEL LIMITED,ADR-JY7S3P6,1.00,5/5,"odeon, westlands, kangemi, uthiru, kinoo",high,
105,,Kikuyu Terminus,Odeon Terminus,LATEMA 22 TRAVELLERS SACCO,ADR-7WRS93P,1.00,5/5,"odeon, westlands, kangemi, uthiru, kinoo",high,
105,,Kikuyu Terminus,Odeon Terminus,LATEMA 22 TRAVELLERS SACCO,ADR-K9BF6JL,1.00,5/5,"odeon, kinoo,westlands, kangemi, uthiru",high,
105,,Kikuyu Terminus,Odeon Terminus,STARBUS COMPANY (K) LTD,ADR-7WRS93P,1.00,5/5,"odeon, westlands, kangemi, uthiru, kinoo",high,
106,,Koja/Nation Centre,Banana Terminus,,,,,,unknown,
107,,Odeon,Karura Mwisho,LOPHA MULTIPURPOSE CO-OPERATIVE SOCIETY,ADR-9AKFJRA,0.60,3/5,"odeon, aga khan, pangani, ndenderu, wangige",low,
107,,Odeon,Karura Mwisho,LOPHA MULTIPURPOSE CO-OPERATIVE SOCIETY,ADR-DB3TYOY,0.60,3/5,"odeon, wangige,aga khan, pangani, ndenderu",low,
107,,Odeon,Karura Mwisho,LOPHA MULTIPURPOSE CO-OPERATIVE SOCIETY,ADR-JY7SZ77,0.60,3/5,"odeon, highridge, pangani, ruaka, ndenderu",low,
107,,Odeon,Karura Mwisho,RUNKA SERVICES COOPERATIVE SAVINGS AND CREDIT SOCIETY LTD,ADR-REOSLL9,0.60,3/5,"odeon, highridge, pangani, ruaka, ndenderu",low,
107,,Odeon,Karura Mwisho,RUNKA SERVICES COOPERATIVE SAVINGS AND CREDIT SOCIETY LTD,ADR-ZZJS2ZY,0.60,3/5,"odeon, ndenderu,highridge, pangani, ruaka",low,
108,,Poland Embassy,Gasolina/Gichagi Mwisho,,,,,,unknown,
110,,Easy Coach/Uchumi,Kitengela,LIBERA IMPEX LIMITED,ADR-POKSRVO,0.67,2/3,"cabanas, mombasa rd pipeline outering rd eastern bypass jogoo rd kayole ngara thika rd mwihoko tassia link rd gatundu juja farm thika, kenol",medium,
110,,Easy Coach/Uchumi,Kitengela,LIBERA IMPEX LIMITED,NTR-001427,0.67,2/3,"cabanas, mombasa rd pipeline outering rd eastern bypass jogoo rd savannah manyanja rd soweto spine rd kayole kangundo rd forest rd ngara thika rd mwihoko tassia link rd gatundu juja farm thika makongeni kamwangi, kenol",medium,
110,,Easy Coach/Uchumi,Kitengela,NANGKIS MATATU SACCO,NTR-00202010221528160,0.67,2/3,"Kitengela, Mombasa rd G.P.O Ambassador Railways KNH Yaya jamhuri naivasha rd Kawangware Ndunyu Kikuyu Limuru Karen Ngong Kiserian ongata rongai bomas hardylangata rd, nyayo",medium,
110,,Easy Coach/Uchumi,Kitengela,EMBASSAVA COOPERATIVE SAVINGS AND CREDIT SOCIETY LTD,ADR-9AKFOKE,0.50,2/4,"accra road, mombasa road, mlolongo, kitengela",low,
111,,Railways,Ngong Bus Terminus,KIBERA BURETI SACCO,ADR-MDMSKW8,1.00,3/3,"railways, kibera, ngong road",high,
111,,Railways,Ngong Bus Terminus,KIBERA BURETI SACCO,ADR-ZZJS9OP,1.00,3/3,"railways, ngong road, kibera",high,
111,,Railways,Ngong Bus Terminus,KIBERA MATATU OWNERS COOPERATIVE SAVINGS AND CREDIT SOCIETY LIMITED,ADR-EPJSA7P,1.00,3/3,"railways, ngong road, kibera",high,
111,,Railways,Ngong Bus Terminus,KIBERA MATATU OWNERS COOPERATIVE SAVINGS AND CREDIT SOCIETY LIMITED,ADR-7WRS7R8,1.00,3/3,"railways, kibera, ngong road",high,
111,,Railways,Ngong Bus Terminus,KIRAGI TRAVELLERS SAVINGS AND CREDIT CO-OPERATIVE SOCIETY LIMITED,ADR-WZ9S3Q6,1.00,3/3,"railways, kibera, ngong road",high,
115,,Koja,Limuru Town Terminal,2KW SAVINGS AND CREDIT CO-OPERATIVE SOCIETY LTD,NTR-00494,0.67,2/3,"nairobi, limuru, nakuru",medium,
115,,Koja,Limuru Town Terminal,COSY TRAVEL LIMITED,NTR-0078,0.67,2/3,"odeon, westlands, kangemi",medium,
115,,Koja,Limuru Town Terminal,COSY TRAVEL LIMITED,ADR-Q5LC6JA,0.67,2/3,"odeon, kangemi, westlands",medium,
115,,Koja,Limuru Town Terminal,KANGEMI MATATU OWNERS SACCO,NTR-0078,0.67,2/3,"odeon, westlands, kangemi",medium,
115,,Koja,Limuru Town Terminal,KANGEMI MATATU OWNERS SACCO,ADR-K9BF6AW,0.67,2/3,"odeon, westlands, kangemi",medium,
116,,Koja,Limuru Terminus,BAKAKI 101 TRAVELLERS SAVINGS AND CREDIT CO-OPERATIVE SOCIETY LIMITED,ADR-K9BF6JM,0.67,2/3,"kiambu, banana, limuru",medium,
116,,Koja,Limuru Terminus,KARURI COMMUTERS SERVICES SAVINGS AND CREDIT CO-OPERTAIVE SOCIETY LIMITED,NTR-00340,0.67,2/3,"khoja, banana, limuru",medium,
116,,Koja,Limuru Terminus,KARURI COMMUTERS SERVICES SAVINGS AND CREDIT CO-OPERTAIVE SOCIETY LIMITED,ADR-MDMSADY,0.67,2/3,"khoja, limuru, banana",medium,
116,,Koja,Limuru Terminus,UNIMAX CLASSIC TRAVELLERS SACCO,NTR-00340,0.67,2/3,"khoja, banana, limuru",medium,
116,,Koja,Limuru Terminus,KARURI COMMUTERS SERVICES SAVINGS AND CREDIT CO-OPERTAIVE SOCIETY LIMITED,ADR-8LMSV8D,0.50,2/4,"nairobi, limuru,kiambu, banana",low,
118,,Koja,Wangige Stage,HOME SACCO LIMITED,ADR-YM3S6DR,0.67,2/3,"khoja, westlands, wangige",medium,
118,,Koja,Wangige Stage,HOME SACCO LIMITED,ADR-ZZJSQAV,0.67,2/3,"khoja, wangige, westlands",medium,
118,,Koja,Wangige Stage,RWAKEN INVESTMENTS LIMITED,NTR-00948,0.67,2/3,"nairobi, within, nairobi",medium,
118,,Koja,Wangige Stage,WALOKANA MULTIPURPOSE CO-OPERATIVE SOCIETY LTD,ADR-REOSZQO,0.67,2/3,"khoja, wangige, westlands",medium,
118,,Koja,Wangige Stage,HOME SACCO LIMITED,ADR-MDMSQ73,0.60,3/5,"khoja, westlands,wangige,ngecha, peponi rd",low,
119,,Koja,Wangige Health Centre,HOME SACCO LIMITED,ADR-YM3S6DR,0.67,2/3,"khoja, westlands, wangige",medium,
119,,Koja,Wangige Health Centre,HOME SACCO LIMITED,ADR-ZZJSQAV,0.67,2/3,"khoja, wangige, westlands",medium,
119,,Koja,Wangige Health Centre,KIAMBU MARAFIKI SACCO LTD,NTR-00201901180908040,0.67,2/3,"ngara, kiambu, githunguri",medium,
119,,Koja,Wangige Health Centre,WALOKANA MULTIPURPOSE CO-OPERATIVE SOCIETY LTD,ADR-REOSZQO,0.67,2/3,"khoja, wangige, westlands",medium,
119,,Koja,Wangige Health Centre,HOME SACCO LIMITED,ADR-MDMSQ73,0.60,3/5,"khoja, westlands,wangige,ngecha, peponi rd",low,
11A,,Odeon Terminus,Kwa Mosque/Highridge Mwisho,KILLETON COMMUTERS SERVICES SAVINGS AND CREDIT COOPERATIVE LTD,ADR-BQ9SQR6,0.50,2/4,"odeon, highridge, pangani, ndenderu",low,
11A,,Odeon Terminus,Kwa Mosque/Highridge Mwisho,RUNKA SERVICES COOPERATIVE SAVINGS AND CREDIT SOCIETY LTD,ADR-8LMSVOQ,0.50,2/4,"odeon, highridge, pangani, ndenderu",low,
11B,,Koja,Mayfair,,,,,,unknown,
11C,,Odeon,Pangani Terminal,LOPHA MULTIPURPOSE CO-OPERATIVE SOCIETY,NTR-00101,0.60,3/5,"odeon, ngara,pangani,unep, wangige",low,
11C,,Odeon,Pangani Terminal,KILLETON COMMUTERS SERVICES SAVINGS AND CREDIT COOPERATIVE LTD,ADR-BQ9SQR6,0.50,2/4,"odeon, highridge, pangani, ndenderu",low,
11C,,Odeon,Pangani Terminal,RUNKA SERVICES COOPERATIVE SAVINGS AND CREDIT SOCIETY LTD,ADR-8LMSVOQ,0.50,2/4,"odeon, highridge, pangani, ndenderu",low,
11F,,Odeon,Ruaka Stage,RUNKA SERVICES COOPERATIVE SAVINGS AND CREDIT SOCIETY LTD,ADR-YM3SELZ,0.50,3/6,"odeon, bypass,githogoro,ruaka,karura, kikuyu",low,
11F,,Odeon,Ruaka Stage,THOMAT SAVINGS AND CREDIT COPPERATIVE SOCIETY LIMITED,ADR-BQ9S7OR,0.50,2/4,"odeon, thika road, thome, ruaka",low,
125,,Railways,Kware,MATATU CREW ASSOCIATION SACCO,NTR-00202011131535140,0.67,2/3,"Railways, Knh Karen Ngong via Ngong rd Kiserian, Ongata Rongai",medium,
125,,Railways,Kware,Nailepu Travellers Sacco,ADR-JY7SLBZ,0.67,2/3,"Nairobi, Kitengela Sultan Hamud Emali Kimana Loitoktok Namanga Bissil Kajiado Isinya Kiserian Ngong, Rongai",medium,
125,,Railways,Kware,ONGATA LINE TRANSPORTERS LIMITED,ADR-537H6MR,0.67,2/3,"railways, kiserian, ongata rongai",medium,
125,,Railways,Kware,ongata rongai bus services,NTR-00202106141134550,0.67,2/3,"ongata rongai, bomas railways, Kitengela",medium,
125,,Railways,Kware,ongata rongai bus services,ADR-POKSK2Q,0.67,2/3,"railways, ongata rongai, kiserian",medium,
126,,Railways,Kiserian,ONGATA LINE TRANSPORTERS LIMITED,ADR-537H6MR,1.00,3/3,"railways, kiserian, ongata rongai",high,
126,,Railways,Kiserian,ongata rongai bus services,ADR-POKSK2Q,1.00,3/3,"railways, ongata rongai, kiserian",high,
126,,Railways,Kiserian,ongata rongai bus services,ADR-VYASAY9,1.00,3/3,"railways, kiserian, ongata rongai",high,
126,,Railways,Kiserian,OROKISE SACCO LTD,ADR-JY7SQ5E,1.00,3/3,"railways, ongata rongai, kiserian",high,
126,,Railways,Kiserian,OROKISE SACCO LTD,ADR-POKSMA5,1.00,3/3,"railways, kiserian, ongata rongai",high,
129,,Kikuyu Terminus,Wangige Stage,KIWALIRU SAVINGS AND CREDIT CO-OPERATIVE SOCIETY LIMITED,NTR-00663,0.50,2/4,"kikuyu, wangige, limuru, kiambu",low,
129,,Kikuyu Terminus,Wangige Stage,KIWALIRU SAVINGS AND CREDIT CO-OPERATIVE SOCIETY LIMITED,ADR-7WRS9BP,0.50,2/4,"kikuyu, wangige, limuru, ruiru",low,
129,,Kikuyu Terminus,Wangige Stage,KIWALIRU SAVINGS AND CREDIT CO-OPERATIVE SOCIETY LIMITED,ADR-BQ9SQAV,0.50,2/4,"kikuyu, ruiru,wangige, limuru",low,
129,,Kikuyu Terminus,Wangige Stage,KIWALIRU SAVINGS AND CREDIT CO-OPERATIVE SOCIETY LIMITED,ADR-REOSZ9Q,0.50,2/4,"kikuyu, kiambu,wangige, limuru",low,
12C,,Bus Station,Container/New Apostolic Church,,,,,,unknown,
12D,,Bus Station,Highway Estate,,,,,,unknown,
135,,Kaka Terminal,Limuru Town Terminal,2KW SAVINGS AND CREDIT CO-OPERATIVE SOCIETY LTD,NTR-00494,0.67,2/3,"nairobi, limuru, nakuru",medium,
135,,Kaka Terminal,Limuru Town Terminal,COSY TRAVEL LIMITED,NTR-0078,0.67,2/3,"odeon, westlands, kangemi",medium,
135,,Kaka Terminal,Limuru Town Terminal,COSY TRAVEL LIMITED,ADR-Q5LC6JA,0.67,2/3,"odeon, kangemi, westlands",medium,
135,,Kaka Terminal,Limuru Town Terminal,KANGEMI MATATU OWNERS SACCO,NTR-0078,0.67,2/3,"odeon, westlands, kangemi",medium,
135,,Kaka Terminal,Limuru Town Terminal,KANGEMI MATATU OWNERS SACCO,ADR-K9BF6AW,0.67,2/3,"odeon, westlands, kangemi",medium,
14A,,Bus Station,Strathmore/Siwaka,RWAKEN INVESTMENTS LIMITED,NTR-00948,0.67,2/3,"nairobi, within, nairobi",medium,
14A,,Bus Station,Strathmore/Siwaka,WEST MADARAKA ROUTE 14 COOPERATIVE SACCO.,ADR-BQ9SQ86,0.67,2/3,"bus station, west madaraka, langata rd, strathmore",medium,
14A,,Bus Station,Strathmore/Siwaka,WEST MADARAKA ROUTE 14 COOPERATIVE SACCO.,ADR-REOSZ5E,0.67,2/3,"bus station, madaraka estate,west madaraka, langata rd",medium,
14A,,Bus Station,Strathmore/Siwaka,WEST MADARAKA ROUTE 14 COOPERATIVE SACCO.,ADR-MDMSJ2R,0.67,2/3,"bus station, strathmore,west madaraka, langata rd",medium,
14B,,Bus Station,T-Mall,RWAKEN INVESTMENTS LIMITED,NTR-00948,0.67,2/3,"nairobi, within, nairobi",medium,
17A,,Rounda,Calvary,,,,,,unknown,
18C,,Kanisani,Eastleigh Terminal,,,,,,unknown,
23W,,Nation Building Terminal,Westlands Terminal,,,,,,unknown,
24C,,Kencom,Karen,KIBERA BURETI SACCO,ADR-MDMSKW8,0.67,2/3,"railways, kibera, ngong road",medium,
24C,,Kencom,Karen,KIBERA BURETI SACCO,ADR-ZZJS9OP,0.67,2/3,"railways, ngong road, kibera",medium,
24C,,Kencom,Karen,KIBERA MATATU OWNERS COOPERATIVE SAVINGS AND CREDIT SOCIETY LIMITED,ADR-EPJSA7P,0.67,2/3,"railways, ngong road, kibera",medium,
24C,,Kencom,Karen,KIBERA MATATU OWNERS COOPERATIVE SAVINGS AND CREDIT SOCIETY LIMITED,ADR-7WRS7R8,0.67,2/3,"railways, kibera, ngong road",medium,
24C,,Kencom,Karen,KIRAGI TRAVELLERS SAVINGS AND CREDIT CO-OPERATIVE SOCIETY LIMITED,ADR-WZ9S3Q6,0.67,2/3,"railways, kibera, ngong road",medium,
26S,,Aquinas,Kariobangi,,,,,,unknown,
32A,,Kencom,Ayani,RWAKEN INVESTMENTS LIMITED,NTR-00948,0.67,2/3,"nairobi, within, nairobi",medium,
32D,,Terminal Otc,Dandora Terminal,ALDANA TRAVELLERS SACCO,ADR-BQ9SQJ9,0.50,2/4,"dandora, juja road,kariokor, gikomba",low,
32D,,Terminal Otc,Dandora Terminal,ECOSA TRAVELLERS SACCO,ADR-EPJSEZM,0.50,2/4,"dandora, juja road,kariokor, gikomba",low,
32D,,Terminal Otc,Dandora Terminal,HURUMA MINI-BUS SACCO LTD,ADR-REOSZB2,0.50,2/4,"huruma, pangani,kariokor, tusker",low,
33B,,Commercial,Baraka Estate,,,,,,unknown,
33C,,Commercial,Kobil,BURUBURU 58 TRAVELLERS SAVINGS AND CREDIT CO-OPERATIVE SOCIETY LIMITED,ADR-REOSRLV,0.67,2/3,"buruburu, jogoo road, commercial",medium,
33C,,Commercial,Kobil,BURUBURU 58 TRAVELLERS SAVINGS AND CREDIT CO-OPERATIVE SOCIETY LIMITED,ADR-YM3S6EM,0.67,2/3,"buruburu, commercial, jogoo road",medium,
33C,,Commercial,Kobil,BURUBURU 58 TRAVELLERS SAVINGS AND CREDIT CO-OPERATIVE SOCIETY LIMITED,ADR-MDMSQA8,0.50,2/4,"commercial, buruburu,muthurwa, jogoo road",low,
33C,,Commercial,Kobil,DABUMATO COMMUTER SERVICE SAVINGS & CREDIT CO-OPERATIVE SOCIETY LTD,ADR-MDMSJLB,0.50,2/4,"city stadium, jogoo road,buru buru, dandora",low,
33C,,Commercial,Kobil,DABUMATO COMMUTER SERVICE SAVINGS & CREDIT CO-OPERATIVE SOCIETY LTD,ADR-YM3SBMA,0.50,2/4,"city stadium, dandora,jogoo road, buru buru",low,
33H,,Carbanas,By Pass,,,,,,unknown,
33J,,Carbanas,Githunguri,,,,,,unknown,
34B,,Ambassadeur,Jacaranda,DABUMATO COMMUTER SERVICE SAVINGS & CREDIT CO-OPERATIVE SOCIETY LTD,ADR-MDMSJLB,0.50,2/4,"city stadium, jogoo road,buru buru, dandora",low,
34B,,Ambassadeur,Jacaranda,DABUMATO COMMUTER SERVICE SAVINGS & CREDIT CO-OPERATIVE SOCIETY LTD,ADR-YM3SBMA,0.50,2/4,"city stadium, dandora,jogoo road, buru buru",low,
34B,,Ambassadeur,Jacaranda,DANDORA USAFIRI TRAVELLERS SACCO,ADR-Q5LC66E,0.50,2/4,"city stadium, jogoo road,buru buru, dandora",low,
34B,,Ambassadeur,Jacaranda,EASTLANDS EAGLES LIMITED,ADR-DB3T3R6,0.50,2/4,"city stadium, jogoo road,buru buru, dandora",low,
34B,,Ambassadeur,Jacaranda,EASTLANDS EAGLES LIMITED,ADR-3ZQSADR,0.50,2/4,"city stadium, dandora,jogoo road, buru buru",low,
34J,,Ambassadeur,Passenger Boarding,DABUMATO COMMUTER SERVICE SAVINGS & CREDIT CO-OPERATIVE SOCIETY LTD,ADR-MDMSJLB,0.50,2/4,"city stadium, jogoo road,buru buru, dandora",low,
34J,,Ambassadeur,Passenger Boarding,DABUMATO COMMUTER SERVICE SAVINGS & CREDIT CO-OPERATIVE SOCIETY LTD,ADR-YM3SBMA,0.50,2/4,"city stadium, dandora,jogoo road, buru buru",low,
34J,,Ambassadeur,Passenger Boarding,DANDORA USAFIRI TRAVELLERS SACCO,ADR-Q5LC66E,0.50,2/4,"city stadium, jogoo road,buru buru, dandora",low,
34J,,Ambassadeur,Passenger Boarding,EASTLANDS EAGLES LIMITED,ADR-DB3T3R6,0.50,2/4,"city stadium, jogoo road,buru buru, dandora",low,
34J,,Ambassadeur,Passenger Boarding,EASTLANDS EAGLES LIMITED,ADR-3ZQSADR,0.50,2/4,"city stadium, dandora,jogoo road, buru buru",low,
34L,,Kenyatta National Hospital,St.Marys Hospital,rasasi travellers limited,NTR-00370,0.80,4/5,"bus station, kenyatta,mbagathi road,langata,otiende, st marys",high,
34L,,Kenyatta National Hospital,St.Marys Hospital,ST. MARYS TRANSPORT SACCO SOCIETY,NTR-00370,0.80,4/5,"bus station, kenyatta,mbagathi road,langata,otiende, st marys",high,
34L,,Kenyatta National Hospital,St.Marys Hospital,ST. MARYS TRANSPORT SACCO SOCIETY,ADR-JY7S73Z,0.80,4/5,"bus station, st marys,kenyatta,mbagathi road,langata, otiende",high,
34L,,Kenyatta National Hospital,St.Marys Hospital,WEST MADARAKA ROUTE 14 COOPERATIVE SACCO.,ADR-BQ9SQ86,0.67,2/3,"bus station, west madaraka, langata rd, strathmore",medium,
34L,,Kenyatta National Hospital,St.Marys Hospital,WEST MADARAKA ROUTE 14 COOPERATIVE SACCO.,ADR-MDMSJ2R,0.67,2/3,"bus station, strathmore,west madaraka, langata rd",medium,
405,,City Stadium/Lusaka Road Junctn,Baricho Road Terminus,INDIMA (NJE) SACCO,ADR-VYASVJR,0.50,2/4,"bus station, mombasa road, lusaka road, industrial area, kwa njenga",low,
405,,City Stadium/Lusaka Road Junctn,Baricho Road Terminus,INDIMA (NJE) SACCO,ADR-K9BFEO7,0.50,2/4,"bus station, kwa njenga,lusaka road, industrial area, general motors",low,
44K,,Roysambu Terminus,Main Stage,,,,,,unknown,
45P,,Githurai,Proggie,UNIFIED INTERNATIONAL LIMITED,NTR-00201901041326070,0.67,2/3,"githurai, githurai, mwihoko",medium,
46B,,Terminal Tusker,Tounder Terminal,HURUMA MINI-BUS SACCO LTD,ADR-REOSZB2,0.75,3/4,"huruma, pangani,kariokor, tusker",medium,
46H,,Terminal Tusker,Johnsaga,HURUMA MINI-BUS SACCO LTD,ADR-REOSZB2,0.75,3/4,"huruma, pangani,kariokor, tusker",medium,
46K,,Kencom,Kawangware Mwisho,FASTRACK UNITED AND CREDIT COOPERATIVE SOCIETY,NTR-0042,0.67,2/3,"railways, yaya, kawangware",medium,
46K,,Kencom,Kawangware Mwisho,FASTRACK UNITED AND CREDIT COOPERATIVE SOCIETY,ADR-3ZQS3MO,0.67,2/3,"railways, kawangware, yaya",medium,
46K,,Kencom,Kawangware Mwisho,KAWANGWARE MATATU SAVINGS AND CREDIT CO-OPERATIVE SOCIETY LIMITED,NTR-0042,0.67,2/3,"railways, yaya, kawangware",medium,
46K,,Kencom,Kawangware Mwisho,KAWANGWARE MATATU SAVINGS AND CREDIT CO-OPERATIVE SOCIETY LIMITED,ADR-ZZJSJW2,0.67,2/3,"railways, kawangware, yaya",medium,
46K,,Kencom,Kawangware Mwisho,PALS MATATU SAVINGS AND CREDIT CO-OPERATIVE SOCIETY LIMITED,NTR-0042,0.67,2/3,"railways, yaya, kawangware",medium,
46Y,,Kencom,Yaya,,,,,,unknown,
48A,,Odeon Terminus,Lavington Shopping Centre/Shell,,,,,,unknown,
48B,,Odeon Terminus,Othaya Road Stage,,,,,,unknown,
48C,,Odeon Terminus,Yaya,COSY TRAVEL LIMITED,NTR-0078,0.67,2/3,"odeon, westlands, kangemi",medium,
48C,,Odeon Terminus,Yaya,COSY TRAVEL LIMITED,ADR-Q5LC6JA,0.67,2/3,"odeon, kangemi, westlands",medium,
48C,,Odeon Terminus,Yaya,KANGEMI MATATU OWNERS SACCO,NTR-0078,0.67,2/3,"odeon, westlands, kangemi",medium,
48C,,Odeon Terminus,Yaya,KANGEMI MATATU OWNERS SACCO,ADR-K9BF6AW,0.67,2/3,"odeon, westlands, kangemi",medium,
48C,,Odeon Terminus,Yaya,KANGEMI MATATU OWNERS SACCO,ADR-BQ9SQK6,0.67,2/3,"odeon, kangemi, westlands",medium,
48K,,Westlands,Co-Op Bank,WELKAN 48 TRAVELLERS SACCO SOCIETY LTD,ADR-ZZJSZA9,0.67,2/3,"westlands, lavington, kawangware",medium,
48K,,Westlands,Co-Op Bank,WELKAN 48 TRAVELLERS SACCO SOCIETY LTD,ADR-LZRSRM7,0.67,2/3,"westlands, kawangware, lavington",medium,
48O,,Odeon Terminus,Othaya Road,,,,,,unknown,
04SK,,Tuskys Ronald Ngala,Saika Junction,UMOINNER SACCO LTD,NTR-00397,0.75,3/4,"ronald ngala, jogoo road,umoja, innercore",medium,
04SK,,Tuskys Ronald Ngala,Saika Junction,UMOINNER SACCO LTD,ADR-6DBSDKP,0.75,3/4,"ronald ngala, innercore,jogoo road, umoja",medium,
04SK,,Tuskys Ronald Ngala,Saika Junction,UMOINNER SACCO LTD,NTR-00201909161142390,0.67,2/3,"Ronald Ngala, Jogoo road Shauri Moyo Outering road Kangundo road Saika, Ruia",medium,
04SK,,Tuskys Ronald Ngala,Saika Junction,UMOINNER SACCO LTD,ADR-LZRS36M,0.67,2/3,"ronald ngala, jogoo road, umoja innercore",medium,
04SK,,Tuskys Ronald Ngala,Saika Junction,UMOINNER SACCO LTD,ADR-WZ9S3D6,0.67,2/3,"ronald ngala, umoja innercore, jogoo road",medium,
107D,,Main Stage,Ruiru,UTAWALA BY-PASS TRAVELLERS SACCO,ADR-VYASZ2E,0.67,2/3,"city cabanas, ruiru, eastern bypass",medium,
107D,,Main Stage,Ruiru,UTAWALA BY-PASS TRAVELLERS SACCO,ADR-Q5LCBWP,0.67,2/3,"city cabanas, eastern bypass, ruiru",medium,
107D,,Main Stage,Ruiru,GITHIGA TRAVELLERS SACCO,ADR-JY7SZYO,0.50,2/4,"tommboya, githunguri,kiambu road, kiambu",low,
114R,,Ngara Stage,Limuru Terminus,,,,,,unknown,
114W,,Ngara Teminal,Limuru Town Terminal,2KW SAVINGS AND CREDIT CO-OPERATIVE SOCIETY LTD,NTR-00494,0.67,2/3,"nairobi, limuru, nakuru",medium,
114W,,Ngara Teminal,Limuru Town Terminal,COSY TRAVEL LIMITED,NTR-0078,0.67,2/3,"odeon, westlands, kangemi",medium,
114W,,Ngara Teminal,Limuru Town Terminal,COSY TRAVEL LIMITED,ADR-Q5LC6JA,0.67,2/3,"odeon, kangemi, westlands",medium,
114W,,Ngara Teminal,Limuru Town Terminal,KANGEMI MATATU OWNERS SACCO,NTR-0078,0.67,2/3,"odeon, westlands, kangemi",medium,
114W,,Ngara Teminal,Limuru Town Terminal,KANGEMI MATATU OWNERS SACCO,ADR-K9BF6AW,0.67,2/3,"odeon, westlands, kangemi",medium,
119A,,Koja,Gathiga Mwisho,,,,,,unknown,
11_2,,Bus Station,Diamond Park Estate,TELAVIV TRAVELLERS LIMITED,ADR-MDMSQ8O,0.75,3/4,"ngumo, south c, south b, industrial area",medium,
11_2,,Bus Station,Diamond Park Estate,ARBAB VENTURES LIMITED,NTR-00201905131607200,0.67,2/3,"South c, iindustrial arealikoni rdjogoo rdeastleighoutering rd mombasa rd, machakos",medium,
11_2,,Bus Station,Diamond Park Estate,ARBAB VENTURES LIMITED,ADR-JY7SLOJ,0.67,2/3,"South c, South bLikoni rdindustrial areaeastleighjogoo rdoutering rddonholmfedha, machakos",medium,
11_2,,Bus Station,Diamond Park Estate,KIMMA SAVINGS AND CREDIT CO-OPERATIVE SOCIETY LIMITED,ADR-EPJSAQK,0.67,2/3,"railway, machakos, athi river",medium,
11_2,,Bus Station,Diamond Park Estate,TELAVIV TRAVELLERS LIMITED,ADR-YM3S6Q9,0.67,2/3,"bus station, south c,southb, industrial area",medium,
126N,,Ngong Town,Kiserian,NANGKIS MATATU SACCO,ADR-537HWPB,0.67,2/3,"railways, ngong, kiserian",medium,
126N,,Ngong Town,Kiserian,NGONG TRAVELLERS SACCO,ADR-Q5LCMPP,0.67,2/3,"railways, ngong, kiserian",medium,
126N,,Ngong Town,Kiserian,NGONG TRAVELLERS SACCO,ADR-EPJSRKW,0.67,2/3,"railways, kiserian, ngong",medium,
126N,,Ngong Town,Kiserian,RONGAO SAVING AND CREDIT COOPERATIVE SOCIETY LIMITED,ADR-O68I8LQ,0.67,2/3,"ngong, kiserian, magandi",medium,
126N,,Ngong Town,Kiserian,NANGKIS MATATU SACCO,NTR-0095,0.50,2/4,"railways, rongai,kiserian, ngong",low,
145B,,By Pass,Ruiru,,,,,,unknown,
145D,,Super High Way,Ruiru,,,,,,unknown,
1960,,Ladhes Road/Otc,Kayole 1,FORWARD TRAVELLERS SACCO LTD,ADR-7WRS9Z9,1.00,3/3,"kayole, jogoo road, otc",high,
1960,,Ladhes Road/Otc,Kayole 1,KANI TRANSPORT SAVINGS AND CREDIT CO-OPERATIVE SOCIETY LIMITED,ADR-YM3SB8O,1.00,3/3,"kayole, jogoo road, otc",high,
1960,,Ladhes Road/Otc,Kayole 1,PINPOINT SOLUTION (K) LTD,ADR-EPJSEOJ,1.00,3/3,"kayole, jogoo road, otc",high,
1960,,Ladhes Road/Otc,Kayole 1,PINPOINT SOLUTION (K) LTD,ADR-2DVSRE2,1.00,3/3,"kayole, otc, jogoo road",high,
1960,,Ladhes Road/Otc,Kayole 1,prime  transcity limited,ADR-8LMSO95,1.00,3/3,"kayole, jogoo road, otc",high,
19C2,,Umoja Stage,Tushauriane,,,,,,unknown,
2030,,Terminal,Rounder,,,,,,unknown,
23KG,,Odeon Terminus,Kangemi Terminus,COSY TRAVEL LIMITED,NTR-0078,1.00,3/3,"odeon, westlands, kangemi",high,
23KG,,Odeon Terminus,Kangemi Terminus,COSY TRAVEL LIMITED,ADR-Q5LC6JA,1.00,3/3,"odeon, kangemi, westlands",high,
23KG,,Odeon Terminus,Kangemi Terminus,KANGEMI MATATU OWNERS SACCO,NTR-0078,1.00,3/3,"odeon, westlands, kangemi",high,
23KG,,Odeon Terminus,Kangemi Terminus,KANGEMI MATATU OWNERS SACCO,ADR-K9BF6AW,1.00,3/3,"odeon, westlands, kangemi",high,
23KG,,Odeon Terminus,Kangemi Terminus,KANGEMI MATATU OWNERS SACCO,ADR-BQ9SQK6,1.00,3/3,"odeon, kangemi, westlands",high,
23KS,,Ambassadeur,Kariobangi South Estate/Deliverance Church,DABUMATO COMMUTER SERVICE SAVINGS & CREDIT CO-OPERATIVE SOCIETY LTD,ADR-8LMSYLP,0.67,2/3,"dandora, city stadium, buruburu",medium,
23KS,,Ambassadeur,Kariobangi South Estate/Deliverance Church,DANDORA USAFIRI TRAVELLERS SACCO,ADR-VYASLLZ,0.67,2/3,"dandora, buruburu, city stadium",medium,
23KS,,Ambassadeur,Kariobangi South Estate/Deliverance Church,DANDORA USAFIRI TRAVELLERS SACCO,ADR-EPJSYY3,0.67,2/3,"dandora, city stadium, buruburu",medium,
23KS,,Ambassadeur,Kariobangi South Estate/Deliverance Church,EASTLANDS EAGLES LIMITED,NTR-00202109101404550,0.67,2/3,"city stadium, jogoo rd likoni rd lungalunga kangundo rd eastern bypass outering rd donholm saika dandora kariobangi roundabout buruburu, bahati",medium,
23KS,,Ambassadeur,Kariobangi South Estate/Deliverance Church,EASTLANDS EAGLES LIMITED,ADR-JY7S3YM,0.67,2/3,"dandora, buruburu, city stadium",medium,
24BK,,Nakumatt Galleria,Karen Road-Lang'Ata Road Junction,RWAKEN INVESTMENTS LIMITED,NTR-00948,0.67,2/3,"nairobi, within, nairobi",medium,
24BK,,Nakumatt Galleria,Karen Road-Lang'Ata Road Junction,TELAVIV TRAVELLERS LIMITED,NTR-00201901041436380,0.50,2/4,"south c, south b,likoni, eastleigh",low,
24BK,,Nakumatt Galleria,Karen Road-Lang'Ata Road Junction,TELAVIV TRAVELLERS LIMITED,ADR-REOSRMR,0.50,2/4,"bus station, mombasa road, south c, south b, hazina",low,
24BK,,Nakumatt Galleria,Karen Road-Lang'Ata Road Junction,TELAVIV TRAVELLERS LIMITED,ADR-MDMSQ8O,0.50,2/4,"ngumo, south c, south b, industrial area",low,
24BK,,Nakumatt Galleria,Karen Road-Lang'Ata Road Junction,TELAVIV TRAVELLERS LIMITED,ADR-8LMSEPZ,0.50,2/4,"bus station, hazina,mombasa road, south c, south b",low,
33DC,,Doni,Kobil,,,,,,unknown,
33DP,,Muthurwa,Rounda,EMBASSAVA COOPERATIVE SAVINGS AND CREDIT SOCIETY LTD,NTR-00259,0.67,2/3,"embakasi, jogoo road, muthurwa",medium,
33DP,,Muthurwa,Rounda,EMBASSAVA COOPERATIVE SAVINGS AND CREDIT SOCIETY LTD,NTR-0039,0.67,2/3,"muthurwa, jogoo road, embakasi",medium,
33DP,,Muthurwa,Rounda,EMBASSAVA COOPERATIVE SAVINGS AND CREDIT SOCIETY LTD,ADR-537HY73,0.67,2/3,"embakasi, muthurwa, jogoo road",medium,
33DP,,Muthurwa,Rounda,PINPOINT SOLUTION (K) LTD,NTR-00439,0.67,2/3,"bus station, jogoo road,kayole, muthurwa",medium,
33DP,,Muthurwa,Rounda,PINPOINT SOLUTION (K) LTD,ADR-MDMSJVR,0.67,2/3,"muthurwa, jogoo road, kayole",medium,
33NG,,St.Peters Clavers Primary School/Salvation Army/Otc,Ngumo Market,RWAKEN INVESTMENTS LIMITED,NTR-00948,0.67,2/3,"nairobi, within, nairobi",medium,
33SB,,Ngumo Stage,South B Stage,TELAVIV TRAVELLERS LIMITED,ADR-MDMSQ8O,0.75,3/4,"ngumo, south c, south b, industrial area",medium,
33SB,,Ngumo Stage,South B Stage,TELAVIV TRAVELLERS LIMITED,NTR-00201901041436380,0.50,2/4,"south c, south b,likoni, eastleigh",low,
33SB,,Ngumo Stage,South B Stage,TELAVIV TRAVELLERS LIMITED,ADR-REOSRMR,0.50,2/4,"bus station, mombasa road, south c, south b, hazina",low,
33SB,,Ngumo Stage,South B Stage,TELAVIV TRAVELLERS LIMITED,ADR-8LMSEPZ,0.50,2/4,"bus station, hazina,mombasa road, south c, south b",low,
33TP,,Commercial,Transami,,,,,,unknown,
3738,,Soko,Quickmart,,,,,,unknown,
110AK,,Devki,Kitengela,,,,,,unknown,
126RK,,Kware,Kiserian Terminus,OROMATS SACCO SOCIETY LTD,ADR-WZ9S937,0.67,2/3,"nairobi, kiserian, magadi",medium,
126RK,,Kware,Kiserian Terminus,RONGAO SAVING AND CREDIT COOPERATIVE SOCIETY LIMITED,ADR-WZ9S937,0.67,2/3,"nairobi, kiserian, magadi",medium,
126RK,,Kware,Kiserian Terminus,RWAKEN INVESTMENTS LIMITED,NTR-00948,0.67,2/3,"nairobi, within, nairobi",medium,
126RK,,Kware,Kiserian Terminus,SERIAN SAVINGS AND CREDIT CO-OPERATIVE SOCIETY LTD,ADR-LZRSRJD,0.67,2/3,"nairobi, kiserian, magadi",medium,
126RK,,Kware,Kiserian Terminus,ST. MARYS TRANSPORT SACCO SOCIETY,NTR-00857,0.67,2/3,"NAIROBI, KISERIAN, MAGADI AND BACK",medium,
16/62,,Bus Station Terminal,Kanisani,HURUMA MINI-BUS SACCO LTD,ADR-REOSZB2,0.50,2/4,"huruma, pangani,kariokor, tusker",low,
17Aky,,Eastleigh Terminal,Kayole 1,DIX-HULT MATATU OWNER SACCO,ADR-A5AC8Z7,0.67,2/3,"kayole, komarocksmolemjuja road, eastleigh",medium,
17Aky,,Eastleigh Terminal,Kayole 1,FORWARD TRAVELLERS SACCO LTD,ADR-8LMSYVK,0.67,2/3,"kayole, komarocksmolemjuja road, eastleigh",medium,
17Aky,,Eastleigh Terminal,Kayole 1,PINPOINT SOLUTION (K) LTD,ADR-REOSZAE,0.67,2/3,"kayole, komarocksmolemjuja road, eastleigh",medium,
17Aky,,Eastleigh Terminal,Kayole 1,prime  transcity limited,ADR-ZZJSZR9,0.67,2/3,"kayole, komarocksmolemjuja road, eastleigh",medium,
17Aky,,Eastleigh Terminal,Kayole 1,FORWARD TRAVELLERS SACCO LTD,NTR-0048,0.50,2/4,"kayole, juja road,eastleigh, gikomba",low,
17B_2,,Roysambu Terminus,Mwiki,,,,,,unknown,
1961K,,Ladhes Road/Otc,Diesel,FORWARD TRAVELLERS SACCO LTD,ADR-7WRS9Z9,1.00,3/3,"kayole, jogoo road, otc",high,
1961K,,Ladhes Road/Otc,Diesel,KANI TRANSPORT SAVINGS AND CREDIT CO-OPERATIVE SOCIETY LIMITED,ADR-YM3SB8O,1.00,3/3,"kayole, jogoo road, otc",high,
1961K,,Ladhes Road/Otc,Diesel,PINPOINT SOLUTION (K) LTD,ADR-EPJSEOJ,1.00,3/3,"kayole, jogoo road, otc",high,
1961K,,Ladhes Road/Otc,Diesel,PINPOINT SOLUTION (K) LTD,ADR-2DVSRE2,1.00,3/3,"kayole, otc, jogoo road",high,
1961K,,Ladhes Road/Otc,Diesel,prime  transcity limited,ADR-8LMSO95,1.00,3/3,"kayole, jogoo road, otc",high,
19Cdc,,Ronald Ngala/Tuskys,Mkanju Court,UMOINNER SACCO LTD,NTR-00397,0.75,3/4,"ronald ngala, jogoo road,umoja, innercore",medium,
19Cdc,,Ronald Ngala/Tuskys,Mkanju Court,UMOINNER SACCO LTD,ADR-6DBSDKP,0.75,3/4,"ronald ngala, innercore,jogoo road, umoja",medium,
19Cdc,,Ronald Ngala/Tuskys,Mkanju Court,UMOINNER SACCO LTD,ADR-LZRS36M,0.67,2/3,"ronald ngala, jogoo road, umoja innercore",medium,
19Cdc,,Ronald Ngala/Tuskys,Mkanju Court,UMOINNER SACCO LTD,ADR-WZ9S3D6,0.67,2/3,"ronald ngala, umoja innercore, jogoo road",medium,
19Cdc,,Ronald Ngala/Tuskys,Mkanju Court,UMOJA INNERCORE TENA MATATU OWNERS SAVINGS AND CREDIT CO-OPERATIVE SOCIETY LTD,NTR-00502,0.67,2/3,"mfangano, jogoo road, umoja",medium,
19Cjk,,Ambassadeur,Mkanju Court,DABUMATO COMMUTER SERVICE SAVINGS & CREDIT CO-OPERATIVE SOCIETY LTD,ADR-MDMSJLB,0.50,2/4,"city stadium, jogoo road,buru buru, dandora",low,
19Cjk,,Ambassadeur,Mkanju Court,DABUMATO COMMUTER SERVICE SAVINGS & CREDIT CO-OPERATIVE SOCIETY LTD,ADR-YM3SBMA,0.50,2/4,"city stadium, dandora,jogoo road, buru buru",low,
19Cjk,,Ambassadeur,Mkanju Court,DANDORA USAFIRI TRAVELLERS SACCO,ADR-Q5LC66E,0.50,2/4,"city stadium, jogoo road,buru buru, dandora",low,
19Cjk,,Ambassadeur,Mkanju Court,EASTLANDS EAGLES LIMITED,ADR-DB3T3R6,0.50,2/4,"city stadium, jogoo road,buru buru, dandora",low,
19Cjk,,Ambassadeur,Mkanju Court,EASTLANDS EAGLES LIMITED,ADR-3ZQSADR,0.50,2/4,"city stadium, dandora,jogoo road, buru buru",low,
33FED,,Commercial,Posta Embakasi Village,,,,,,unknown,
33GTB,,Commercial,Gate B,BURUBURU 58 TRAVELLERS SAVINGS AND CREDIT CO-OPERATIVE SOCIETY LIMITED,ADR-REOSRLV,0.67,2/3,"buruburu, jogoo road, commercial",medium,
33GTB,,Commercial,Gate B,BURUBURU 58 TRAVELLERS SAVINGS AND CREDIT CO-OPERATIVE SOCIETY LIMITED,ADR-YM3S6EM,0.67,2/3,"buruburu, commercial, jogoo road",medium,
33GTB,,Commercial,Gate B,BURUBURU 58 TRAVELLERS SAVINGS AND CREDIT CO-OPERATIVE SOCIETY LIMITED,ADR-MDMSQA8,0.50,2/4,"commercial, buruburu,muthurwa, jogoo road",low,
33GTB,,Commercial,Gate B,DABUMATO COMMUTER SERVICE SAVINGS & CREDIT CO-OPERATIVE SOCIETY LTD,ADR-MDMSJLB,0.50,2/4,"city stadium, jogoo road,buru buru, dandora",low,
33GTB,,Commercial,Gate B,DABUMATO COMMUTER SERVICE SAVINGS & CREDIT CO-OPERATIVE SOCIETY LTD,ADR-YM3SBMA,0.50,2/4,"city stadium, dandora,jogoo road, buru buru",low,
33IMR,,Commercial Imara,Imara Daima,,,,,,unknown,
33MKR,,Bus Station,Maziwa,,,,,,unknown,
33UTW,,Ambassadeur,Githunguri,,,,,,unknown,
35/60,,Tuskys Ronald Ngala,Umoja Market,UMOINNER SACCO LTD,NTR-00397,0.75,3/4,"ronald ngala, jogoo road,umoja, innercore",medium,
35/60,,Tuskys Ronald Ngala,Umoja Market,UMOINNER SACCO LTD,ADR-6DBSDKP,0.75,3/4,"ronald ngala, innercore,jogoo road, umoja",medium,
35/60,,Tuskys Ronald Ngala,Umoja Market,UMOINNER SACCO LTD,ADR-LZRS36M,0.67,2/3,"ronald ngala, jogoo road, umoja innercore",medium,
35/60,,Tuskys Ronald Ngala,Umoja Market,UMOINNER SACCO LTD,ADR-WZ9S3D6,0.67,2/3,"ronald ngala, umoja innercore, jogoo road",medium,
35/60,,Tuskys Ronald Ngala,Umoja Market,UMOJA INNERCORE TENA MATATU OWNERS SAVINGS AND CREDIT CO-OPERATIVE SOCIETY LTD,NTR-00502,0.67,2/3,"mfangano, jogoo road, umoja",medium,
38/39,,Muthurwa,Quickmart,PINPOINT SOLUTION (K) LTD,NTR-00439,1.00,3/3,"bus station, jogoo road,kayole, muthurwa",high,
38/39,,Muthurwa,Quickmart,PINPOINT SOLUTION (K) LTD,ADR-MDMSJVR,1.00,3/3,"muthurwa, jogoo road, kayole",high,
38/39,,Muthurwa,Quickmart,FORWARD TRAVELLERS SACCO LTD,NTR-0047,0.75,3/4,"kayole, jogoo road,muthurwa, otc",medium,
38/39,,Muthurwa,Quickmart,KANI TRANSPORT SAVINGS AND CREDIT CO-OPERATIVE SOCIETY LIMITED,ADR-REOSZQW,0.75,3/4,"muthurwa, utawala,jogoo road, kayole",medium,
38/39,,Muthurwa,Quickmart,KANI TRANSPORT SAVINGS AND CREDIT CO-OPERATIVE SOCIETY LIMITED,ADR-8LMSYMB,0.75,3/4,"kayole, otc,jogoo road, muthurwa",medium,
70/71,,Muthurwa,Donholm,INTER COUNTIES TRAVELLERS SACCO,ADR-K9BFYJY,0.60,3/5,"muthurwa, jogoo road,likoni road,lungalunga, donholm",low,
70/71,,Muthurwa,Donholm,INTER COUNTIES TRAVELLERS SACCO,ADR-7WRSRBO,0.60,3/5,"muthurwa, donholm,jogoo road,likoni road, lungalunga",low,
70/71,,Muthurwa,Donholm,OUTREACH TRAVEL,ADR-JY7S2OE,0.60,3/5,"muthurwa, jogoo road,likoni road,lungalunga, donholm",low,
70/71,,Muthurwa,Donholm,OUTREACH TRAVEL,ADR-POKS5L5,0.60,3/5,"muthurwa, donholm,jogoo road,likoni road, lungalunga",low,
70/71,,Muthurwa,Donholm,INDIMA (NJE) SACCO,ADR-EPJSA6V,0.50,2/4,"muthurwa, jogoo road,likoni road, industrial area",low,
110ATH,,Easy Coach/Uchumi,Makadara,,,,,,unknown,
1961Kd,,Caltex,Diesel,,,,,,unknown,
3560_2,,Umoja Stage,Umoja 2 Terminus,,,,,,unknown,
100,kiambu_road,Githunguri Terminal,Kiambu Bus Terminus,KIAMBU MARAFIKI SACCO LTD,NTR-00201901180908040,1.00,3/3,"ngara, kiambu, githunguri",high,
100,kiambu_road,Githunguri Terminal,Kiambu Bus Terminus,GITHIGA TRAVELLERS SACCO,ADR-JY7SZYO,0.75,3/4,"tommboya, githunguri,kiambu road, kiambu",medium,
100,kiambu_road,Githunguri Terminal,Kiambu Bus Terminus,GITHIGA TRAVELLERS SACCO,ADR-VYASWYR,0.67,2/3,"st peters, githunguri, kiambu",medium,
100,kiambu_road,Githunguri Terminal,Kiambu Bus Terminus,GITHIGA TRAVELLERS SACCO,ADR-Q5LC827,0.67,2/3,"st peters, kiambu, githunguri",medium,
100,kiambu_road,Githunguri Terminal,Kiambu Bus Terminus,KIAMBU MARAFIKI SACCO LTD,ADR-REOSZZO,0.67,2/3,"st peters, kiambu, githunguri",medium,
120,kiambu_road,Githunguri Terminal,Githunguri Terminal,GITHIGA TRAVELLERS SACCO,ADR-JY7SZYO,0.75,3/4,"tommboya, githunguri,kiambu road, kiambu",medium,
120,kiambu_road,Githunguri Terminal,Githunguri Terminal,LIKAMBU MATATU SAVINGS AND CREDIT CO-OPERATIVE SOCIETY LIMITED,NTR-001333,0.75,3/4,"limuru, ngorongo,ndumberi, kiambu",medium,
120,kiambu_road,Githunguri Terminal,Githunguri Terminal,NAKINDUKA MATATU SAVINGS AND CREDIT COOPERATIVE SOCIETY LIMITED,ADR-7WRSVYA,0.75,3/4,"kiambu, ndumberi, kawaida, githunguri",medium,
120,kiambu_road,Githunguri Terminal,Githunguri Terminal,BAKAKI 101 TRAVELLERS SAVINGS AND CREDIT CO-OPERATIVE SOCIETY LIMITED,ADR-K9BF6JM,0.67,2/3,"kiambu, banana, limuru",medium,
120,kiambu_road,Githunguri Terminal,Githunguri Terminal,GITHIGA TRAVELLERS SACCO,ADR-VYASWYR,0.67,2/3,"st peters, githunguri, kiambu",medium,
121,kiambu_road,Githunguri Terminal,Ndumberi,HURUMA MINI-BUS SACCO LTD,ADR-REOSZB2,0.50,2/4,"huruma, pangani,kariokor, tusker",low,
121,kiambu_road,Githunguri Terminal,Ndumberi,NAKINDUKA MATATU SAVINGS AND CREDIT COOPERATIVE SOCIETY LIMITED,ADR-7WRSVYA,0.50,2/4,"kiambu, ndumberi, kawaida, githunguri",low,
100A,kiambu_road,Ngara Bus Terminals,Kiambu Hospital,KIAMBU MARAFIKI SACCO LTD,NTR-00201901180908040,0.67,2/3,"ngara, kiambu, githunguri",medium,
100A,kiambu_road,Ngara Bus Terminals,Kiambu Hospital,GITHIGA TRAVELLERS SACCO,ADR-JY7SZYO,0.50,2/4,"tommboya, githunguri,kiambu road, kiambu",low,
100A,kiambu_road,Ngara Bus Terminals,Kiambu Hospital,NAKWE TRAVELLERS SACCO SOCIETY LTD,NTR-00201901180907220,0.50,2/4,"ngara, kiambu,githuguri, kagwe",low,
25,thika_road,Odeon Terminal,Baba Ndogo Terminal,LOPHA MULTIPURPOSE CO-OPERATIVE SOCIETY,NTR-00101,0.60,3/5,"odeon, ngara,pangani,unep, wangige",low,
25,thika_road,Odeon Terminal,Baba Ndogo Terminal,KILLETON COMMUTERS SERVICES SAVINGS AND CREDIT COOPERATIVE LTD,ADR-BQ9SQR6,0.50,2/4,"odeon, highridge, pangani, ndenderu",low,
25,thika_road,Odeon Terminal,Baba Ndogo Terminal,RUNKA SERVICES COOPERATIVE SAVINGS AND CREDIT SOCIETY LTD,ADR-8LMSVOQ,0.50,2/4,"odeon, highridge, pangani, ndenderu",low,
43,thika_road,Bus Station,Ngumba Terminal,HURUMA MINI-BUS SACCO LTD,ADR-REOSZB2,0.50,2/4,"huruma, pangani,kariokor, tusker",low,
49,thika_road,Odeon Terminals,Sunton,LOPHA MULTIPURPOSE CO-OPERATIVE SOCIETY,NTR-00101,0.60,3/5,"odeon, ngara,pangani,unep, wangige",low,
49,thika_road,Odeon Terminals,Sunton,KILLETON COMMUTERS SERVICES SAVINGS AND CREDIT COOPERATIVE LTD,ADR-BQ9SQR6,0.50,2/4,"odeon, highridge, pangani, ndenderu",low,
49,thika_road,Odeon Terminals,Sunton,RUNKA SERVICES COOPERATIVE SAVINGS AND CREDIT SOCIETY LTD,ADR-8LMSVOQ,0.50,2/4,"odeon, highridge, pangani, ndenderu",low,
145,thika_road,Main Stage,Ruiru,2KW SAVINGS AND CREDIT CO-OPERATIVE SOCIETY LTD,ADR-9AKFJOA,0.67,2/3,"wangige, kahawa west KU Hospital, Ruiru",medium,
145,thika_road,Main Stage,Ruiru,UNIFIED INTERNATIONAL LIMITED,NTR-00201903261429260,0.67,2/3,"githurai, mwihoko, ruiru",medium,
145,thika_road,Main Stage,Ruiru,UNIFIED INTERNATIONAL LIMITED,NTR-00201901041326070,0.67,2/3,"githurai, githurai, mwihoko",medium,
145,thika_road,Main Stage,Ruiru,FOURTY FOUR OWNERS COMPANY LIMITED,ADR-8LMSYMK,0.50,2/4,"tom mboya, thika road, githurai, ruiru",low,
145,thika_road,Main Stage,Ruiru,HURUMA MINI-BUS SACCO LTD,ADR-REOSZB2,0.50,2/4,"huruma, pangani,kariokor, tusker",low,
17B,thika_road,Bus Station,Mwiki,HURUMA MINI-BUS SACCO LTD,ADR-REOSZB2,0.50,2/4,"huruma, pangani,kariokor, tusker",low,
237,thika_road,Townterminal,Thika Town,FOURTY FOUR OWNERS COMPANY LIMITED,ADR-8LMSYMK,0.75,3/4,"tom mboya, thika road, githurai, ruiru",medium,
237,thika_road,Townterminal,Thika Town,UNIFIED INTERNATIONAL LIMITED,ADR-JY7SEYP,0.75,3/4,"tom mboya, thika road, githurai, ruiru",medium,
237,thika_road,Townterminal,Thika Town,2KW SAVINGS AND CREDIT CO-OPERATIVE SOCIETY LTD,ADR-9AKFJOA,0.67,2/3,"wangige, kahawa west KU Hospital, Ruiru",medium,
237,thika_road,Townterminal,Thika Town,ALDANA TRAVELLERS SACCO,NTR-00202003241145200,0.67,2/3,"Ronald ngala, Juja rdDandoraKariobangiAlsops Thika rd, Thika",medium,
237,thika_road,Townterminal,Thika Town,GITHURAI 45 SACCO,NTR-00415,0.67,2/3,"ronald ngara, thika road, githurai",medium,
25A,thika_road,25A Terminal,Lucky Summer Terminal,,,,,,unknown,
44G,thika_road,Main Stage,Main Stage,THOMAT SAVINGS AND CREDIT COPPERATIVE SOCIETY LIMITED,ADR-EPJSALK,0.67,2/3,"Ngara, ThikaMokengeni, Kenol",medium,
44Z,thika_road,Main Stage,Main Stage,,,,,,unknown,
45G,thika_road,Main Stage,Gihurai,HURUMA MINI-BUS SACCO LTD,ADR-REOSZB2,0.50,2/4,"huruma, pangani,kariokor, tusker",low,
45K,thika_road,Main Stage,KU,UNIFIED INTERNATIONAL LIMITED,NTR-00201901041326070,0.67,2/3,"githurai, githurai, mwihoko",medium,
29/30,thika_road,Ngara Bus Terminals,Mathare North Terminal,FIG KOMBA,ADR-2DVSRRD,0.50,2/4,"mathare north, ngara, gikomba, kiambio",low,
29/30,thika_road,Ngara Bus Terminals,Mathare North Terminal,FIG KOMBA,ADR-K9BF66E,0.50,2/4,"mathare north, ngara, gikomba, kiambio",low,
29/30,thika_road,Ngara Bus Terminals,Mathare North Terminal,FIG PRESTIGE MANAGEMENT COMPANY LIMITED,ADR-537HQZK,0.50,2/4,"mathare north, ngara, gikomba, kiambio",low,
